business_id,labels
003sg
00er5
00kad
00mc6
00q7x
00v0t
00y7p
019fg
019r1
01i5j
01is9
01mrb
01pyb
01s0p
01xsq
021oz
026nc
02bwy
02d9t
02eos
02fio
02pxt
02qrp
02rfd
0357u
035x6
038l4
03bbu
03ked
03m8y
03vx8
03yz9
040nh
042hy
044sl
045qe
04944
04cy7
04ilw
04imx
04kgm
04ud9
04wn2
04zgs
050l6
0573e
057qc
05fb2
05h9r
05ihx
05jhx
05rwc
06cko
06fzh
06gbm
06ml0
06p0g
06ums
06vhp
0707d
070ll
077lb
07bbs
07gmf
07nri
07o52
084gg
084v2
08dzw
08h8f
08ni5
08oeq
08wfz
0916a
092lt
098ef
098un
09ckq
09ejq
09iat
09kll
09pmi
09ptq
09w5k
0a1ko
0a45c
0a938
0adc9
0adst
0ahhr
0aj6u
0akmq
0au0t
0axc7
0axvc
0b8ky
0bcfg
0beyy
0bnm5
0bzjp
0bzjx
0c5ka
0cbyt
0cjq2
0cnbh
0cvd1
0cyxs
0dbg2
0ddwy
0dfrm
0div3
0djgl
0e2eh
0e3bg
0e3cn
0e69f
0eilg
0em68
0eolh
0eps4
0eqm9
0ey3w
0f3qk
0f46h
0f4hh
0fbnt
0fenh
0fo37
0frr7
0ftqi
0ftr0
0g47h
0gbv7
0ghm5
0gjgs
0gnbb
0gtmi
0gxlt
0h0hd
0h1a4
0h4wo
0h5qu
0h8d4
0h8d5
0hbpj
0hfot
0hlhs
0hqkx
0hr59
0hv5j
0hx8q
0hy2b
0hyg2
0i4yt
0i5sb
0ib7h
0iiax
0iimp
0il9j
0imrj
0imwn
0iuhw
0j2q7
0j8vu
0j8zu
0jbjh
0jc5r
0jc65
0jfku
0jiz6
0jty2
0jvh7
0k4ul
0ke39
0l70b
0la7t
0laj4
0llgh
0lmxz
0lyuo
0lz84
0m08q
0m3wj
0m7ri
0maca
0mmu4
0mreo
0n1ay
0n2m1
0n4nu
0n8do
0n8et
0n8t4
0nn94
0nq6o
0nq8g
0nr91
0nrue
0nyh7
0o9fn
0ob7h
0oi66
0okpg
0omun
0oq6q
0ov4f
0ox18
0p81n
0pac2
0pdq3
0phk2
0pmkh
0poig
0prxg
0pthg
0pwam
0q08m
0q2ua
0q3on
0q6bl
0qevl
0qj4g
0qy5h
0qz6n
0rc3e
0re2p
0rgkv
0rorx
0rq2p
0rqis
0ruub
0rzi7
0s3z5
0s7wm
0s8h6
0s9nf
0scv4
0shj8
0stwm
0svix
0swcw
0swrj
0t34n
0t3cj
0t3ix
0t6ke
0tabm
0tc9p
0tqv0
0trt0
0tudg
0u1l6
0u8hj
0ugkn
0uhqx
0ulsw
0unkr
0uv14
0v1p7
0v6gl
0v8j8
0vd8s
0vre2
0vtru
0w01d
0w67f
0w6cx
0wkxz
0wn4d
0wof6
0wuwu
0wxz7
0wyma
0x908
0x9my
0xbc6
0xg8y
0xn17
0xnm9
0xo8z
0xveu
0y2o3
0ycld
0yhrn
0yqq9
0z01d
0z57b
0z5ry
0z6vo
0zb7e
0zg3y
0zrov
0zzlg
102f2
103ir
10drp
10p5u
10wjv
10xh1
10z4d
1105p
113vs
118bv
118ux
11aib
11gpr
11ioq
11m2v
11oi1
11sk5
11uii
122v6
123w4
1263s
12mex
12p62
12q8i
131go
13frb
13fw1
13jt0
13kjn
13nuw
13qgp
13wxb
144vd
149zx
14ipn
14m5f
14zfw
152yz
155ip
1584k
15918
15a44
15dh9
15k7r
15ofc
15qyl
15tqa
16145
16153
163jv
164ok
169vn
16chm
16l5s
16m1r
16o2x
1757b
175ez
17ctg
17lt8
17pb7
17qtl
17r96
17w4d
17wka
17ymz
182ao
188mq
18b3y
18cak
18iem
18ljz
18r62
18uq1
19bod
19c32
19f70
19ga6
19pgl
19sm5
1a01j
1a6qc
1a9dn
1a9jq
1aeys
1aizo
1andp
1anvj
1aq6n
1aywh
1b0u4
1bb6q
1bdpm
1bg2i
1biy5
1bmle
1bzhj
1c3sl
1c4ak
1c5p2
1ca1k
1cajm
1ceoc
1cnr4
1cp6q
1cqlh
1d1vg
1d3im
1db08
1dcev
1dfyw
1di7s
1dk14
1dm5g
1do0d
1dsri
1e2pk
1e34p
1ec43
1ekse
1eogb
1eqn4
1f3xl
1f4sk
1f5ex
1f8kz
1f99i
1f9nm
1fbqh
1fg2d
1fi4u
1fjj2
1fkf8
1fpvt
1gg00
1gnvj
1gozl
1gqze
1h4vx
1h9m0
1hgih
1hig5
1hu0r
1hv8u
1i4bi
1iaz6
1icrn
1id5n
1ifxf
1iktw
1iuux
1iz4c
1j2g2
1jetm
1jfje
1jhd4
1jik6
1jlh9
1jlrm
1jmp4
1jrct
1jvo5
1jvqu
1k3v3
1k8ru
1k9gq
1kr59
1kw5i
1kw6g
1kwj3
1kxqu
1l72d
1la8k
1lbe9
1lcof
1lhhv
1lneo
1lnzk
1ltns
1lvgn
1ly64
1lyyo
1mb6s
1me67
1moxe
1mqg0
1mu0b
1mwwj
1n9ss
1n9zg
1nbbh
1nd86
1nlp7
1nnvp
1npai
1nr5r
1nsa9
1oci4
1odko
1oevl
1olou
1ooqj
1osph
1ovby
1oveb
1p4rg
1pdge
1phyf
1pj73
1pj8b
1pk3p
1pkme
1ppq2
1pqox
1ps9h
1q0ls
1q4qk
1q6je
1qoat
1qrdw
1qyq7
1r8xp
1rdjf
1red8
1rhp2
1rju5
1rsa5
1ruq0
1sdbh
1sf7p
1snie
1stpo
1t6tb
1t8wu
1ta3y
1tgnj
1to59
1tp9i
1tpmp
1tpqe
1tq1t
1u679
1u8ar
1u8dz
1uc9e
1ucp9
1ugnb
1uk1n
1um2k
1uq1s
1uyqo
1v5c0
1v6dv
1v7b5
1va5w
1vi4a
1w2d3
1w45u
1w7x4
1we82
1wevr
1wlmv
1wmxi
1wpjf
1wt2q
1wtez
1wtnl
1wuyt
1wvv4
1xa0x
1xelt
1xgc0
1xt3a
1y6kr
1yfkb
1yftp
1yht9
1yirp
1yppr
1z3sk
1z9c6
1za4p
1zf3m
1zfvn
1zjuy
1zngh
1zpzs
1zqhe
1zuh9
202i6
207ue
209b2
20b8p
20frc
20hsy
20icp
20nk1
20ukp
20uu8
20xc6
215s9
21l58
21qgl
21smj
222in
222va
2275p
22ibt
22oiz
22tj0
22z8w
2350j
2352y
23dbq
23dpa
23ual
23z2e
242te
249oh
24g3m
24q28
24scj
24x3f
253fx
258tz
25dvk
25f99
25gby
25nyb
25to6
25uou
25vxy
25yf1
26165
263ky
2653a
26ren
26spn
26yii
26ysm
26zdr
27002
271r3
273hy
279pd
27hty
27lj4
27rwo
27trb
27v5m
282os
29bln
29fdd
29fu7
29lbo
29lbs
29pjd
29vk2
29wh3
2a06s
2a7ng
2acak
2acuw
2aczx
2afxe
2axb1
2axyo
2b12o
2b5z7
2bc5v
2bib3
2bk9j
2bmxs
2bsuh
2bu0l
2bul4
2bxje
2c88y
2cdtu
2cij2
2crs5
2ctxo
2cu1k
2cyqd
2dce8
2ddub
2dh1w
2dpse
2dxy7
2e0ln
2e84u
2ehyg
2ezcs
2f2ty
2f6zq
2fcma
2fkxy
2fmea
2fqx7
2frag
2ft9g
2fthl
2g18k
2g2yf
2g4bm
2gcw8
2ggft
2glba
2grk0
2h44q
2h731
2hc70
2hdsd
2hk1v
2hq3j
2hth7
2hx1g
2i2gf
2i3j3
2i5yw
2idw2
2if6u
2ikxe
2in4v
2iqc4
2iqnk
2iqvb
2is66
2iwih
2iwjf
2j4ff
2j5p0
2j9qa
2jgav
2jk4n
2jm5n
2jspw
2juja
2jw3q
2jxew
2k8rb
2km2h
2kqse
2kswt
2kvvx
2kwq7
2l2fz
2lho0
2llnt
2ltfz
2lym1
2m196
2m231
2mjkr
2mlt3
2mm8y
2n4fu
2n9gy
2nrrq
2nt7j
2oacw
2okij
2ox8u
2ozhc
2p0il
2p4vg
2p6vt
2p8ss
2pb9l
2pjl8
2pnu5
2prpb
2pwiz
2q08n
2q2ll
2q6qi
2qa5e
2qjmm
2r5xw
2r9ir
2rbmi
2rfh1
2rmv6
2rs7b
2ru96
2rv7z
2rwpd
2s0fu
2s2ha
2s9i5
2sf9c
2smnw
2sp1s
2sq9e
2sr8w
2srhx
2t06z
2t86y
2t9m4
2tse9
2tso7
2u6qe
2u8ew
2u9ky
2ufja
2uj1k
2uo1d
2ut5c
2uzp8
2vtfz
2vxcc
2w0il
2w3s8
2w9fc
2w9im
2wa83
2wbil
2wcdy
2wd4x
2xcg2
2xddl
2xl0h
2xu0t
2xw52
2y2rp
2yauf
2ybxd
2yeud
2yfj8
2yjze
2ykgp
2ymiz
2ymov
2ywgu
2yzg4
2zb85
2zhhk
2zkot
2zup2
2zxk3
30a4w
30cyu
30mrn
30qm8
30rgq
30sn8
312zd
31578
31f52
31ghu
31gux
31ikl
31jvz
31n0s
31qr1
31xwa
31y16
321ey
32m06
32my8
32rak
3312z
33cmf
33f85
33p3w
33pkk
344q5
346um
34d5s
34hdl
34i42
34kyx
34utl
34vp7
34w54
350m1
352iu
357kz
3580p
35dol
361ze
36btp
36gec
36rec
36uyl
370k3
374nr
376an
37b21
37biw
37if9
37k5h
380gw
383jc
3867q
388lp
389dd
38b73
38ije
38jfw
38lwf
394o5
39aji
39da0
39e4c
39gcr
39hup
39ie0
39sxz
3a4wc
3abm9
3acri
3aebl
3amll
3aonv
3aq9z
3az75
3b0bd
3b38w
3c1yc
3c9si
3clst
3cpeo
3d1cw
3d4ec
3d4yz
3d5es
3da1b
3dgri
3dng5
3dnyh
3dtq0
3e3ov
3e7aa
3eb5l
3ekst
3eoj5
3exi9
3exv5
3ey33
3f459
3f89e
3fkav
3fr95
3fswv
3g3lt
3g63s
3gatb
3gc11
3ggkj
3gjcv
3gke3
3h1mv
3h8zc
3hcbc
3hi0o
3hr0u
3hss1
3hx0z
3i0lb
3i26e
3i2or
3i7w0
3iajk
3iiuk
3imha
3ipkg
3iqxk
3irvx
3ivad
3iy7g
3iymv
3j75n
3j8ta
3jcil
3jd77
3jdn8
3jfq7
3jhog
3jhq1
3jj09
3jmrd
3k44j
3k73e
3k8b1
3kklx
3knwe
3kr31
3kvyt
3kw0t
3kwl4
3l16a
3lbq5
3lbrj
3lc50
3lfzc
3lnc9
3lq1n
3lskm
3m2tp
3mbpn
3mc0u
3mgm3
3mh6y
3mhez
3mi5u
3mlkv
3n1bz
3n1vw
3n3ay
3n3w3
3nkeq
3nogw
3npq7
3nw71
3o0k1
3odrn
3oebi
3ohep
3ojhw
3ok9v
3omvg
3onrh
3oyw2
3p0bb
3p3da
3p5w1
3pdhd
3pjvf
3pmcs
3pozb
3pvg0
3q1fz
3q1nt
3q2xo
3q5h7
3q8rd
3qash
3qdz1
3qvua
3qw0y
3r5iq
3rata
3re4h
3rea5
3rh85
3rqqs
3ru0h
3rxt6
3s322
3s33a
3s8ky
3s99t
3scb6
3sfye
3sgoc
3sh8x
3sixj
3sjqz
3snbw
3suu4
3t4ux
3ths5
3tkii
3tkvc
3tlno
3ttac
3ttkn
3tugl
3tv9h
3ty8o
3u1dr
3u2xp
3u7bv
3uady
3ucqw
3uj3x
3uojh
3uopw
3us2u
3us9s
3uzvp
3v1qr
3v9x5
3vfiz
3vjyi
3vrix
3vuja
3vv8j
3vvch
3w12v
3w7go
3wa7e
3wla7
3wt35
3wzpy
3x2p1
3x5vt
3xiqa
3xoea
3xsjo
3xxqo
3yksr
3yowd
3yp11
3ytl4
3ytpf
3yuoy
3yutj
3yw0r
3yz1o
3z35t
3zc30
3zhv1
3zo1q
3zxx3
3zyg8
4051c
405m5
40a5n
40b18
40k83
40m1h
413x5
4166n
4184t
41ceo
41ih3
41mcz
41nrc
41op5
41p7x
41p7y
41r1s
41rks
41u8h
41wl9
424fd
428qn
42chg
42kip
435hp
43cgr
43iah
43ndv
43q1l
43qbi
43raw
44040
44a2o
44kri
44ob3
44uar
44xvi
44yd1
456hu
4570i
45mki
45nqg
45p3a
45puk
45pxp
45wtd
46158
464if
466bp
4696o
46b4l
46b7v
46fnw
46gtt
46tfq
46vkz
4708h
4720r
47po7
47zm0
48gq7
48myl
48t5s
49dks
49ftu
49jdr
49mi6
49o0u
49pwu
49qfc
49uuw
49xmz
4a2th
4a2wx
4acgy
4aoto
4apr2
4arsh
4avli
4ayif
4b11u
4b82y
4bmig
4br7l
4brvi
4bs31
4bva5
4c7r1
4ce0o
4cf4i
4cvyx
4cy0n
4d8mm
4ditm
4dnpo
4dskp
4e77s
4enrl
4eqpg
4f03b
4f65u
4fcgu
4fipv
4fnou
4fnz7
4fwbf
4fx3y
4g2fo
4g2mv
4gcr6
4gluo
4gq0l
4gtky
4gtve
4gu69
4gulu
4gzvu
4h002
4h41v
4hbwo
4hg1u
4hino
4hkpt
4hoyc
4hvfk
4hznd
4ijuf
4imdz
4imrz
4io7m
4izxz
4ja8p
4jazg
4jdn1
4jgxm
4jl87
4jloi
4jnwd
4joan
4jp48
4jscm
4jt8m
4jvbx
4jwjt
4k1q5
4k5oi
4kbi0
4kddc
4kj3s
4kkjb
4knil
4koqz
4l62v
4l81n
4lap8
4lc62
4lq3o
4lrbf
4lu43
4lv8v
4m642
4m6x1
4m778
4mazr
4mci2
4mfo0
4mgrr
4myxx
4mzcc
4mzkl
4nalr
4nbue
4nde0
4nhib
4nhqs
4nmyu
4nuci
4nvi2
4nw4d
4nwyt
4nzwz
4o1yx
4o2co
4o5jr
4om28
4omeh
4osgz
4our2
4ov5m
4ovqs
4ozkr
4p4bz
4p8ht
4pe0y
4pivf
4pkff
4pmv2
4pwnh
4q1gg
4q512
4q8ed
4qa4i
4qoby
4qrem
4qs1d
4qwpb
4qxq5
4qxx1
4r1n1
4r7cf
4r7rt
4rp53
4rtli
4rwk8
4rx53
4rxzx
4s1ku
4scs2
4sfra
4smco
4so8s
4spm4
4spv5
4syo7
4sz0s
4t4n2
4tdbi
4teqn
4ti3g
4tm32
4tm5u
4tmz4
4trqq
4tvit
4tyuf
4u174
4u9uo
4udet
4udt2
4uh38
4uj43
4uo0g
4uoyi
4urqh
4uyrk
4v0ts
4vhok
4vhyi
4vkpu
4vmy9
4vqr2
4vrnv
4vtpw
4vy5t
4w5dg
4w9e9
4wby9
4wdhu
4whn5
4wn33
4woz6
4wqeh
4wrib
4wt9x
4wtnr
4xoit
4xtha
4y0gz
4y4ur
4yipn
4yszy
4z948
4z9f1
4zdez
4zhac
4zmmt
4ztgl
4zu5m
502n8
5051o
506vx
50k4y
50l9g
50vln
50ywf
5106y
513u1
51dej
51gea
51geg
523fd
524ft
526bq
5297g
52gqx
52iah
52je4
52kck
52pjx
530l7
53cls
53kmd
53xdp
53xyc
53yb2
53z9l
54133
541aj
541rl
545wg
54c7f
54ivq
555qz
558xu
559bx
55bhh
55hkz
55m03
55sed
55vef
563p9
565cs
565ej
568b1
56na4
56ocj
56odm
56vqj
570f3
572xf
577uy
57aq9
57fvx
57k1o
57p28
57v2i
57w88
57ycn
57z69
581a5
581ww
5821a
587ub
58iv4
58pfr
593ar
594ra
59bk7
59ly1
59nqt
59tfa
59zf6
59zzb
5a5za
5a9q1
5atth
5ayok
5aysv
5b0y7
5b5tb
5b6wz
5bcjp
5bllw
5brs6
5bvkz
5c1an
5c5cu
5c6k5
5c9x6
5chn5
5cwm8
5d29c
5d4wv
5d704
5d78t
5dgcc
5dqcr
5dqqj
5dqta
5drpv
5duvk
5dwi7
5e890
5e91h
5e99b
5eaqg
5ecu6
5edqg
5eff4
5em9z
5esw5
5ewfu
5eyrp
5ezd2
5f78a
5f7q5
5f7s8
5fbcl
5ffru
5fjer
5fpds
5fsi6
5fubh
5g8sg
5g90k
5gler
5gmq7
5goyj
5gybb
5h2ff
5h353
5h9t8
5hbs4
5hiat
5hkpy
5hm64
5honn
5hrje
5hs8q
5htf5
5htfm
5i1av
5i4hp
5i6ry
5i7xd
5i8et
5icfq
5ipd7
5itcv
5iuy0
5ivgd
5ixab
5j1fk
5jd86
5jdqz
5jftz
5jmse
5juda
5jz4q
5k07l
5k78l
5kgya
5khy1
5kkde
5ksfv
5l3sf
5lk32
5lkgz
5ltfa
5ltvs
5lz0n
5ma8f
5mr5v
5msct
5mtgx
5mvee
5n31f
5n61t
5n9un
5nahm
5nft0
5nh7g
5ni1a
5nj26
5np6w
5ns08
5o1j4
5o2i8
5o7ja
5or5u
5orqn
5ow1r
5oxqk
5oz4j
5ozdi
5p1m5
5p50n
5p7gc
5pcy1
5pep8
5pkdl
5pp90
5ppbt
5ptlv
5q2os
5q2ts
5q37q
5q9p3
5qjc3
5qpv0
5qssv
5qtyd
5qwl4
5qy7n
5qz8x
5r2us
5r7ry
5r9xc
5reet
5repx
5riww
5rvll
5sarz
5si7f
5slet
5sr33
5ssnz
5sxcm
5tc3r
5teqb
5tesj
5teud
5tqpf
5tum5
5tvun
5tvuq
5tz0z
5u0os
5u47m
5ubhf
5ukig
5ukiq
5upg5
5ut1l
5v1f4
5va0r
5vbik
5vg97
5vgks
5vknk
5vni4
5vooj
5vtue
5vwxy
5w013
5w45d
5w583
5w7kz
5w97q
5wbcz
5wl0t
5wl6j
5wnfy
5wsn5
5wtyv
5wu6t
5wupx
5x1qe
5xbfa
5xcxr
5xdl9
5xhql
5xims
5xivb
5xnuf
5xs60
5xumd
5xuob
5xvdq
5y5xb
5y7ev
5yawt
5yiqo
5yqd1
5yxck
5yxw6
5z4jq
5zgtz
5zhva
5zpch
5zqt3
600kd
602xk
60aoe
60dam
60dj9
60ky8
6148c
614sw
61f1p
61nds
61ni2
623m6
62423
625bb
62pzw
62rd1
62rym
62rzb
6327e
63893
639hl
63n9h
63opq
64080
649kt
64it1
64n19
64u84
652zd
65b5k
65g4l
65hfb
65nvy
65yu6
661h4
662mw
66ctk
66gea
66jqt
66k2b
66kqx
66nmf
66r3g
66rbf
66w6t
66xpz
670o8
672nl
67hb6
67khj
67p7z
67tw0
67yhw
680tt
688xo
68ah1
68iw4
68rjj
68t0b
68ut8
68ycn
68zwr
69010
690la
693ch
693is
696d4
698t0
699et
69bex
69k69
69x13
6a5xi
6aaxu
6anhu
6argv
6aunr
6b7oy
6bhlz
6bhqj
6bqlc
6bths
6bym8
6c1y9
6c7ok
6ccoa
6cdlq
6ckya
6cl2n
6cspz
6dfrq
6dkje
6dn2r
6dty9
6du1v
6dwj3
6dxv3
6e2b3
6e3y5
6e55p
6e5hb
6e87m
6emon
6erro
6ew9i
6ewjw
6ewr4
6ey8p
6eymb
6f7i7
6f7mv
6fh9r
6fl9q
6fw0d
6fw7o
6g4gn
6g7o6
6gqep
6gy3q
6h1ni
6h41d
6h6ig
6hclr
6hh1l
6hr5b
6hstv
6htr9
6i4y0
6i5ms
6i7mk
6imad
6immi
6j65t
6j7rx
6j8d3
6j9r2
6ja7z
6jawt
6jg4s
6jrmr
6jsrb
6juit
6jurr
6jvtf
6kbgh
6kf99
6khuf
6koxs
6kz0d
6l1yf
6l2ip
6l2kg
6l2lr
6l8zy
6lich
6lwyn
6lzf2
6m0zm
6m9og
6mby2
6mcg8
6me7j
6meeq
6mefp
6mfbu
6mida
6mkc5
6mm3b
6n7yy
6nhsk
6nyok
6o285
6ofs5
6one3
6oonf
6op0w
6otdh
6ou8e
6ovs1
6ovs3
6owiq
6ozvs
6p33r
6p7vx
6pce4
6pg47
6pmbo
6pyg5
6pyje
6pz43
6q4e5
6q6fx
6qf3n
6qiyd
6qoae
6qq6w
6qsn3
6qynm
6qyoe
6r2mp
6r2r6
6r3ih
6rjcz
6rpzm
6rr62
6rxlj
6ry4t
6s1e1
6s2qs
6s7t5
6sduz
6se3b
6sh64
6shkj
6sjog
6sojk
6ssbi
6syrf
6t8bw
6tfuj
6tiwr
6tk8y
6tkch
6tpq3
6tu39
6u1yf
6u8qq
6ud41
6uko9
6v4w3
6v6r4
6va1a
6veub
6vgxa
6vk9w
6vnop
6vsn3
6vtcj
6wdd9
6weau
6wfvn
6wg41
6whxy
6wn7z
6wwv4
6wzng
6x13c
6x391
6xea2
6xnlf
6xzwu
6y0hm
6y265
6yg21
6yjcg
6yjpe
6ylsc
6yqsc
6yuwr
6ywys
6yzfm
6z3ky
6zbls
6zfh7
6zh3n
6zk51
6zpnx
6zvk1
6zwry
7064k
706oj
708hd
709fn
70f7x
70t90
70tbd
70vae
71epo
71gd3
71jel
71jpp
71ka8
71lhv
71rfr
71t4z
71vnj
720ml
723jl
72dqz
72j30
72j7d
72ozk
72p84
72v4w
7328f
733jv
737sk
738qb
73fb2
73hbt
73moq
73nr7
73pc2
73pnc
73whe
73x96
743hh
747w0
74ecy
74iet
74p89
74wls
74wrj
750ds
756qq
75gcd
75gud
75h33
75q47
75qap
75rms
75u21
75yva
761cp
762ka
762nb
766cy
76dey
76dj2
76e76
76k63
76o31
76stz
76znu
771fw
77564
77agd
77dvz
77fh6
77t30
77vgt
77wtx
78fan
78j88
78jrs
78keb
78khd
78p3a
78s1g
78vve
78yg3
7900k
792hu
792ky
79cm1
79dmr
79ei3
79gmy
79gzl
79lsn
79mhb
79pqv
79r38
79ur1
7a3v1
7a3yq
7ab5g
7agpi
7aodh
7apg3
7ats1
7axib
7b4iw
7b6g9
7bavu
7bb30
7bcld
7bcy6
7bklq
7blnk
7bnm4
7bpr3
7bup7
7bzqx
7c3a9
7c9lj
7cfg6
7cjzs
7cm8h
7ctz8
7d1wp
7d9p9
7dcq1
7dk49
7dv82
7ecuo
7ehxb
7eqf0
7esys
7euvz
7ezae
7f1ea
7f24o
7f5n9
7f6yf
7fbe8
7fdxt
7fh50
7figc
7fkv6
7fm89
7fnr8
7fuqe
7fxa2
7fxft
7g54v
7g928
7g9o1
7gijk
7gqir
7gr7b
7gsmx
7gz8a
7hcql
7hgjj
7hsgr
7hzpp
7i6ly
7ibbz
7ig4a
7ilhq
7irkb
7j84w
7jjzv
7jk78
7jlp4
7jp4j
7jp8y
7junv
7jyn2
7jys0
7k4l0
7kivr
7kjzt
7knod
7kpdk
7kuqk
7kw2k
7kymy
7l3qq
7l81i
7lauh
7ld0u
7lkd5
7lujd
7lyih
7lyxb
7lzu7
7m2t6
7m6pz
7mcjz
7mix2
7mr0l
7mrsp
7mvbe
7myag
7mzuc
7n0lu
7n0wy
7n1ng
7n3zq
7ndz7
7nhy4
7nnjv
7nrhv
7nts3
7nzwg
7ocfw
7oe4x
7oeys
7on8c
7ostb
7ozas
7oziq
7p1f3
7pbs8
7pj83
7pl7a
7pvm6
7qr5j
7qteg
7qyva
7qzrf
7raoh
7rfse
7rjw4
7rt2m
7rwom
7s4mj
7sa4h
7sb5k
7sc21
7shoc
7syjq
7t6me
7tayv
7tch4
7tcnx
7tfzh
7th9r
7thfo
7trbb
7ts7x
7txde
7tzp1
7u29x
7u4qu
7u69k
7uigr
7umc8
7unwx
7uo1x
7ush2
7uwhd
7v3uo
7v8jp
7vcgj
7vcy1
7vd3u
7vfbv
7vhf3
7vkog
7vmbo
7vmqv
7vwbq
7w399
7w6g1
7w70k
7w8n9
7w96f
7wji3
7woc5
7wom7
7wpe3
7wt52
7x9fx
7xhg4
7xx13
7y4dz
7y7gr
7ygmc
7yldf
7ylj2
7yqzl
7ywkv
7zglg
7zh1i
7znls
80dw9
80fl9
80jjl
80kwh
80zuv
8159n
816ir
81g0d
81iwd
81luf
81lzj
81n4z
81nk3
81s5a
82iay
82khn
82rlu
82xzx
82yg1
83d9l
83hqp
83j1k
83jh6
83ncr
83pmh
83q9p
83sg4
83st5
83t6a
83toa
83xix
841jd
8438w
843sj
8440w
846d7
848tn
84a28
84nlm
84o5c
84o8y
84tny
854cd
854h4
855qg
85y6w
865rm
868on
86orh
86rhh
86x58
8723z
874fh
8796k
87i71
87j13
87nhf
87pj5
87wpw
87x7a
881qf
8882w
88b5a
88d3a
88fqq
88lv8
88m8c
88u5a
88ubl
88xhh
89f4g
89mp5
89rei
89s6l
89wgg
89xzy
8a1yw
8a86e
8aadn
8au2s
8av03
8avzw
8ay0y
8azm0
8b0fc
8b0iy
8b4zy
8b8ex
8bien
8boqd
8buan
8bvzw
8c73y
8c75a
8ca1l
8cdtx
8ce6l
8cfz2
8cgnx
8claj
8clly
8cu4b
8cw3u
8d5l6
8d854
8dbo3
8ditd
8dmv4
8e2qw
8e2wi
8e40k
8e5i1
8ekld
8ephc
8eu6d
8f2nn
8f5ai
8ff71
8fkyk
8fod2
8fqoi
8fwal
8g4fc
8g562
8g62h
8gee6
8go8v
8gr08
8h85j
8ha5o
8hk8b
8hki3
8hsmv
8htd6
8hu3s
8hyg5
8hzpg
8i1cn
8i7dh
8idho
8ifrw
8iidh
8ilj2
8j0cb
8j0rc
8j2mr
8j8ad
8j8v6
8jj8d
8jq2k
8jqja
8js9s
8jw73
8jwjj
8jycp
8k0kn
8krbp
8kshi
8l7ur
8l7yc
8lgh8
8lkj3
8m0oi
8m60o
8md0h
8meuv
8mgk8
8mnv9
8mp0u
8mrue
8n4w1
8n5zr
8n7bu
8nc4t
8nhso
8nr38
8o4eu
8oajk
8od6e
8odpp
8omsj
8op23
8op71
8osn0
8oui7
8owcb
8oz00
8p0je
8p33q
8p9qr
8paev
8pecm
8pg6g
8pj4y
8ppc7
8ptt4
8py6a
8pz13
8q53q
8q5iw
8qci5
8qi75
8qiru
8qj4z
8qmmb
8qpt8
8r1nw
8r6tt
8rcy7
8rj10
8rkkn
8rlgh
8rmxb
8rnoy
8rop1
8s1xk
8s8c6
8skx4
8sqjx
8su1p
8svc5
8sxj6
8t6sg
8te1j
8tfgp
8thl9
8tixg
8tpw4
8tqnd
8turr
8tvfh
8ua34
8uhqa
8uiug
8uur0
8v4l3
8vs4l
8vsnm
8w266
8w76t
8wfqr
8wg0i
8wjeu
8ws9p
8wuhw
8wzdy
8x404
8x440
8x7rj
8xeg2
8xo91
8xtaz
8y0m1
8y4m4
8yb6s
8yd82
8yj9c
8yk2i
8yloo
8yp58
8yq87
8ytdo
8ytzq
8z19h
8z5r5
8z9sn
8zlu5
8zms4
8zp2v
8zylu
8zz3e
90hzn
90q7u
90qvn
90tkb
90vlj
918y8
91au6
929qe
92f86
92nv0
92pve
933c0
9358x
935nc
937xn
93jrn
93m2p
93or6
93pdv
93s7w
93u8s
93vg2
9428a
943oy
944mt
945fi
945nh
949wl
94d0u
94mst
950tn
953i0
95kyx
95own
95xfz
95yn1
961v2
966ya
969l6
96a8e
96cy9
96pgi
96xnn
9732c
977om
97aba
97ex5
97frg
97ful
97g8o
97qci
97spw
9820o
9828r
982v3
986uq
98a5j
98b00
98fp6
98ftq
98pl8
98q6v
998wf
99ish
99pr6
99w47
99xak
9a1ep
9a4um
9afo2
9ag1m
9akje
9alsk
9ao0m
9aoul
9apiv
9awrm
9ayr8
9b47v
9bfqp
9bl0y
9bm9a
9brl4
9bznm
9c5e5
9ck61
9cnyk
9cw32
9d1qv
9d4nc
9d68v
9d69w
9d8jy
9dd0v
9ddif
9djsk
9dmc4
9dtpk
9dut8
9dv6h
9dyd1
9e6p9
9e7jl
9ehqv
9ei2s
9eie2
9epip
9eq32
9er4l
9etiu
9eueq
9exi2
9ezd9
9f12y
9f9c3
9f9vw
9fbcp
9fdui
9ffyk
9fgb1
9fkv6
9ftbc
9fu4j
9g2ex
9g35p
9g7fe
9gfjv
9girz
9gj0g
9gjib
9go5o
9gpjb
9gqqi
9gspk
9gy9k
9h20k
9h3pj
9h9s9
9hc9i
9hgzm
9hmfl
9hpyv
9hu0n
9hx7t
9hz13
9i3gs
9i5mw
9id0b
9iems
9im2h
9ixod
9j1y3
9j2ym
9j75v
9jg93
9jm8h
9jr6m
9jxod
9jzem
9k24m
9k7kn
9kafd
9kb3b
9kd5z
9kdwp
9kj6g
9kmhq
9knn7
9ku2n
9l9tx
9lju1
9lkqx
9lqaj
9ltll
9lydb
9m2dq
9m2kh
9m65c
9m83t
9m8o9
9m9jq
9mant
9mb90
9mdow
9mfry
9mgz7
9mhrp
9mi03
9mn59
9mo3d
9msmu
9mu01
9mzt0
9n127
9n1cb
9n53g
9n55a
9norj
9novp
9nvye
9nxhx
9o2np
9o6es
9o6qt
9objq
9oe0c
9oj9j
9onuj
9p1f4
9p1oc
9p298
9ph5y
9pigl
9pld3
9ppav
9puny
9pv1g
9q055
9q724
9qdi8
9qdsb
9qf68
9qh19
9qiuf
9qoa9
9r14z
9r67s
9rbl7
9rbvr
9ri03
9rln4
9ro98
9rtp8
9ruxa
9s1ax
9s8uo
9samo
9se60
9sg3j
9soxw
9sq83
9svr8
9t10u
9t2uw
9tb9b
9tji4
9tjrw
9tl60
9tsmn
9uavf
9ue7h
9ufbs
9ujdn
9unll
9uyzb
9v8xm
9vcrx
9vdsc
9vqkt
9vue5
9w11r
9w2ak
9w2ne
9w5tl
9wd6m
9wo0w
9wxhe
9x4v6
9x5gw
9xgq0
9xhs9
9xizn
9xo1p
9xoe3
9xotj
9xror
9xu65
9y141
9y9nn
9ykty
9ym2z
9yoe7
9yp77
9yqa2
9yqil
9yqnk
9yv1n
9z0c7
9z3ln
9z4n1
9z8yz
9zdj7
9zne4
9ztzd
9zzgw
a0015
a00aq
a00e8
a010d
a0178
a0bfs
a0d3v
a0e7j
a0h67
a0llc
a0lve
a0nqx
a0p49
a0wtn
a19he
a1c4u
a1d5w
a1fb1
a1k6w
a1p0m
a1pk8
a2663
a2ac7
a2bgo
a2cl0
a2i78
a2kry
a2s7m
a2tyo
a32py
a33bf
a35j5
a3av8
a3nqc
a3ret
a3sp8
a3suc
a3wjj
a43db
a4feo
a4ghc
a4l8i
a53t5
a56u3
a58kk
a5ass
a5i5p
a5m6k
a5o09
a5oq1
a5p7p
a5p7v
a5xz5
a6158
a624d
a69g5
a6bw7
a6dnz
a6sdk
a72fw
a75af
a76hy
a7kdv
a7scq
a80jy
a8396
a8ezq
a8k14
a8mzy
a8obe
a8xzk
a90kt
a93t5
a9522
a98dp
a9fai
a9mpu
a9ocp
a9tlu
a9u91
a9xko
a9xlr
aa1dn
aa80k
aaleb
aandm
aas92
ab1ly
ab3aj
abagy
abcsb
abeqd
abhox
abt4u
abx3u
abyy1
abzpu
ac0yh
acgin
acijl
acjao
acl0h
acl2q
acnxx
aco0q
acp7o
acpvu
act96
acx22
ad25n
ad962
adewd
adl28
adlyd
adn5t
adtnj
aducf
advze
adza5
ae1oc
ae7rc
aent5
aep6u
aep9l
aer0f
aevhg
aez8a
af0iy
afd6b
afls4
afpu5
aftm9
afw62
afwoa
agbbc
agklh
agm6e
agu2h
ah06i
ah6qf
ah9h9
ahm0t
ai20u
ai245
ai5wv
ai7eh
ai7lo
ai997
air4w
airhf
aisen
aisxi
aitij
aiwlv
aj0o5
aj2c4
aj6me
aj9eu
ajb2p
ajb3d
ajcwk
ajgxi
ajkrl
ajpbd
ajxre
ak9th
akjg7
akl7f
akn05
akzsb
al0r0
al5rj
al6pc
alp3m
alsnn
am1cc
am6tn
am7bw
amahe
amb1i
amjo5
amuci
amysn
an1xl
an2u4
an3pj
an5yn
an6wf
an8au
anfic
anids
aniqf
ank90
anmnp
anyh9
ao1mb
aogso
aopzv
aor5e
aorzh
aox9i
aoxqk
ap2dk
ap67l
ap681
ap862
apaam
apdjl
apf76
apmkq
apsj0
apsjv
apu49
apuul
apuy3
aq3iv
aq5ek
aqdvv
aqkld
aquqk
aqyu6
ar3vu
ar42l
ar8r4
ar99d
araz3
arcuq
arg28
arjkk
arvdq
arwcg
arz3p
as3sg
as5ad
as7hf
asbp8
ascpl
ase5k
ash9f
asjkb
aske8
assn9
assuo
asusf
asw61
aswwn
at04k
at4is
at4ri
at7bo
at9ee
atlsa
ats4s
attdx
atue0
atwsd
au6n5
audp5
aue20
augbm
auhky
aujz2
auk39
aular
aumfd
auqd9
auvzr
auyxe
av9ww
avcat
avely
avg4y
avhbx
avhji
avqf7
avra6
avvyc
aw5my
aw9o5
awbgl
awbnn
awhvd
awj3d
awpiy
awtmu
awuec
awvsh
awxrz
ax4rn
ax6t0
axccn
axcqa
axgl7
ay8ea
ayax7
ayddw
aydsv
aygb7
ayiep
ayk90
az1be
az8oq
azg1c
azr7k
azsgg
azviz
azzqb
b00p4
b0fon
b0hs8
b0wq7
b0yhh
b18n2
b1bq0
b1fty
b1h73
b1n0y
b1qqp
b1r3c
b1sia
b1zxx
b2210
b24mx
b27al
b29i4
b2d1s
b2dls
b2dzh
b2fnu
b2vsx
b2x3z
b2xh7
b37k3
b38ng
b3ejc
b3m5u
b3m8w
b3v4w
b44t3
b49q5
b4e18
b4e8h
b4jlj
b4onx
b4tzk
b4vro
b5fg3
b5pys
b5qd0
b5tsq
b6ee9
b6enk
b6ips
b6wp5
b6z1a
b70no
b71l5
b76bg
b7ao2
b7ca5
b7ce8
b7fyp
b7k7q
b7npj
b7pf5
b7u1o
b7wyj
b7zxl
b80uv
b8hzq
b8k5l
b8rq9
b90kw
b98w6
b9970
b9cag
b9kz0
b9ndc
b9pj9
b9v8v
ba1p2
ba4aq
ba4kc
bad3e
badnp
bahh0
bahoa
bahz2
baijt
ban9j
bau9t
bazwm
bb6iw
bbb20
bbcwm
bbfnd
bbgp7
bbnwn
bbxds
bc15t
bc1zb
bch0y
bch1t
bch5v
bcrsu
bcss2
bczm2
bd8ql
bdicg
bdu8u
bduue
bdwfl
be7eo
be8or
bemyk
berdj
bey4p
bfmq5
bfnqt
bfwg5
bfxze
bfzh7
bg499
bg9go
bge8a
bgi12
bgkoh
bgsqq
bguzp
bgvtw
bgykl
bh7ej
bhc6f
bhd7m
bhewd
bhid0
bhiz4
bhm9m
bhsec
bhuuf
bhxt4
bi8m9
bieri
biih2
biimc
biimt
bin88
bincx
binvo
bitj0
biuul
biuwl
bivi1
bj097
bj8tx
bjfkn
bjhkq
bjif4
bjq4i
bjqlj
bjzti
bk4l1
bk60g
bk6wx
bk70b
bk7um
bkgin
bknh1
bkwrq
blg4r
bllam
blm6f
blq5d
blsco
blvew
blxg3
bm82o
bmb4s
bmehb
bmrn0
bmuet
bmz5l
bn5ei
bn6dw
bn7qg
bnira
bnist
bnq69
bo1vb
bo3g2
bo86f
bo98n
boa6i
bos09
boutd
bozes
bp483
bp4p5
bp50e
bpdgs
bpgjp
bphcp
bppw2
bpq3x
bpql8
bprmu
bq133
bq1w2
bq1z6
bq4jh
bq8ol
bqdqi
bqi1m
bqi49
bqi7y
bqoqy
br799
br8ja
brn4r
brro2
brw9f
bryfz
bsokc
bt1v0
btbfp
btfnb
btgg3
btovy
btpv5
btqkn
btwnb
bu0gu
bu8uq
bu9cj
buaje
buh18
buns2
buwar
bv1ga
bv1rs
bv4xd
bvb54
bvhij
bvmhs
bvrzf
bvswu
bvw6i
bwkmd
bwte0
bwzfd
bx486
bx537
bxdh2
bxjop
bxkle
by961
byadx
bygel
byogk
bypi0
byy4n
byzh0
bz1kz
bz4gv
bz8sk
bzajo
c0267
c03bj
c056s
c06ko
c09gq
c0awg
c0c21
c0c69
c0fui
c0j90
c0kee
c0kqp
c0m63
c0rij
c0ruo
c1955
c1ae5
c1aqa
c1dt5
c1f27
c1u5t
c1vav
c242q
c2ak0
c2dgn
c2i4z
c2i7t
c2kpf
c2lqa
c30ad
c383h
c3ahn
c3hi2
c3hrh
c3mzv
c3v8f
c3xi0
c3zfb
c40su
c43w2
c44oq
c4kph
c4s91
c4u77
c53tp
c54p0
c552m
c55s5
c5658
c56dq
c5gs3
c5n9b
c5s1l
c5zl4
c61dv
c61z8
c6502
c6epd
c6hln
c6mqe
c738d
c7cxv
c7d8a
c7dqb
c7emh
c7jw4
c80l1
c82if
c84yr
c861k
c8662
c86qe
c8cot
c8fco
c8g1q
c8ib0
c8jtc
c8shl
c8tdr
c8ths
c8tpv
c8vbk
c95ir
c99uq
c9ahk
c9f4a
c9lu2
c9rd0
c9uub
c9xd3
ca1j0
ca3ve
ca7u3
caa9l
caawj
caf1n
cah7u
caq7f
casr9
cawtj
caxpz
cb1v8
cb9bh
cbeoe
cbf8m
cbivv
cbj7d
cbomr
cbwxv
cc698
ccazo
ccfm7
ccist
ccon1
ccpi9
cd0r4
cd27y
cd9cd
cdetc
cdoz9
cduig
cdvux
ce11y
ce342
ce730
ce9yz
ceak9
ceb43
ceejn
ceg7m
cej7r
cel0m
cffws
cfh8i
cfiuc
cfvwj
cfyon
cg5t8
cgeek
cgfay
cgfpg
cgisj
cgvn3
cgvtr
cgysx
ch13m
ch14a
ch30h
chd7k
chici
chigj
chl2q
ci5st
ci6sb
cia5l
cic9r
cietn
cige3
cijo0
cip5l
cipvu
ciqfq
cisu1
cixf7
cj110
cj23y
cj5x9
cj9bd
cjgc2
cjjlp
cjjx9
cjtpj
ck28n
cka0m
ckb27
ckhd1
ckqpr
ckr99
cks78
cksrt
cl88k
claad
clkj5
clq9z
clr6m
clvg8
cm1v6
cm75x
cm7sz
cmcjl
cmmyh
cmw8g
cnb0e
cnb8g
cnffw
cnfkt
cnkt7
cnnvf
cno2q
cnplc
co5kx
co7bu
coaa6
coasl
coast
cog1w
com2g
cou9n
cow4g
cp1vk
cp2gm
cp8jw
cpazv
cpcrd
cpdnz
cphr3
cpii4
cpjkj
cppbu
cpry0
cpxub
cpy4o
cqapb
cqcf2
cqezp
cqk3e
cqvc5
cr0pl
cr5ou
crdnt
crelj
crjol
croy8
crqg5
cs0xj
cs4dj
cs5gb
cs5x4
csbb2
csfq3
cshax
cszq3
ct1xo
ct2v2
ct5q1
ctb9z
ctgnv
ctj7f
ctlrz
ctno3
ctno8
ctri5
ctx13
ctxk9
ctyha
ctyjr
cu3w5
cufwu
cuhxt
cujkv
culwn
culx3
cuof8
cuwyc
cv9h6
cvadb
cvfn9
cvfzg
cvos6
cvotk
cvtn9
cvxrb
cvzul
cw5zr
cw8in
cwc93
cx2m2
cx4eh
cx5k8
cx88r
cxpbw
cxtgr
cybp4
cyl9q
cyu67
cywms
cywr3
cz03h
cz1fc
cz24x
cz2g9
cz2sn
cz57i
cz703
czh3x
czknr
czl5i
czt3b
czvu4
d06ln
d0duk
d0f75
d0fb3
d0fha
d0h48
d0n9j
d0tpw
d0yfe
d0zo6
d169e
d17zn
d1dka
d1mbt
d1mw4
d1swh
d1w5v
d1we4
d2cqh
d2l3h
d2li4
d2mls
d2q34
d2wt0
d2wxj
d2xms
d314p
d3278
d34da
d38m5
d39vl
d3inn
d3loy
d3t1e
d3t7y
d3tt1
d3ynl
d3z2n
d447w
d4d62
d4ec3
d4fx5
d4o3p
d4p59
d4s11
d4v3v
d4ysv
d4yui
d4zlk
d528z
d53jb
d55xw
d584n
d5czq
d5fh2
d5jut
d5n9f
d5qvn
d65mf
d68oo
d6ebm
d6f4h
d6jkm
d6kca
d6ujh
d6unw
d6ym4
d6z7e
d70r2
d72s9
d74of
d775c
d7awj
d7d0d
d7ko8
d7n2t
d7v0h
d7ywu
d8kqe
d8kun
d8mx1
d8t4i
d9697
d99b9
d9duy
d9lar
d9mxa
d9tw9
d9y9d
d9zad
dahdp
datj5
dax4f
daz05
db1xk
db26h
db2ly
db7ms
dbfed
dbghw
dbifq
dbjxf
dbpv3
dc0hh
dc11r
dc5z4
dcc3h
dcdn2
dcm19
dcq6o
dct6r
dcyrg
dd65i
dd6cv
dd8jn
ddhn8
ddj1e
ddjg4
ddm7w
ddnpq
ddpfu
ddq7c
ddx5v
de3gm
de3o6
deks7
del56
df09x
df9ko
dffus
dflq5
dfvx8
dgf61
dggdl
dglj6
dgmew
dgmj8
dgz7x
dhd3f
dhs7v
di6sl
dicqg
diisb
dik5p
dikt8
dim2r
dimj4
dinxo
diqf8
diy7h
diz7j
dj1cu
dj23p
dj2ei
dj3xz
dj6nk
djox9
djq0g
djr9b
djtcm
dk53e
dk703
dkaei
dkdi5
dkf87
dkgez
dkioy
dkmzq
dl73h
dl740
dlba8
dlpvo
dm88p
dmchp
dmeal
dmeok
dmftq
dmk6r
dmnno
dmp7a
dmrzx
dmt3u
dn5eh
dn8mw
dni99
dnij4
dnrj6
dnswb
do6qt
docs1
dojh2
dokw9
doube
dow3q
doztd
dp28h
dp37y
dp6e3
dp96p
dpgfc
dpja3
dpo48
dpqly
dpx35
dq2ym
dq3z7
dq59d
dq7xa
dqeh3
dqn2v
dqqme
dqs8z
dqwhs
dqxo0
dr7mh
drafo
drhub
drlcg
drt1x
drt39
drvzq
ds0nl
dsff1
dsgyj
dsid1
dspac
dspwa
dsqsc
dsunr
dsxua
dsy9m
dt074
dtbf6
dtdhp
du94z
duejd
dumr8
dv29s
dv2lv
dv54n
dv6o0
dv9lg
dvm2k
dvnrr
dvs02
dvt4j
dvwtj
dw3wh
dw45y
dw5m2
dwe3a
dweqj
dwkyw
dwqd9
dx898
dx9ai
dxi17
dxjad
dxlql
dxoke
dxuyw
dxwgi
dxx97
dyd0a
dyf6p
dykwk
dyw73
dyzkh
dz5lf
dz6dm
dz934
dz9n3
dzdju
dzdqe
dzh43
dzpsz
dzq62
dzwbf
dzy6e
e00by
e02zd
e055n
e088q
e0e6z
e0szt
e0wj4
e17l4
e1bcd
e1hzo
e1ibr
e1jjj
e1m82
e1nkd
e26io
e2b6r
e2bba
e2cvb
e2gc1
e2i65
e2jit
e2v91
e33to
e34j7
e34ms
e37uj
e3iqv
e3jd5
e3s6h
e3xy6
e426b
e486x
e4b4y
e4bdd
e4hlg
e4k37
e4rgk
e4vok
e4zk4
e5764
e59rv
e5u9z
e5ukh
e5zzc
e657e
e6bok
e6ieh
e76z7
e7cm3
e7j6s
e7v39
e84d8
e85q4
e87lb
e8fub
e8unk
e98fv
e9a96
e9mwo
e9n68
ea67m
ea6w3
ea6wo
eaa3l
eagho
ealp0
ean2c
eavb6
eazgi
eb2lw
eb4ck
eb9js
ebmfl
ebmqn
ebyno
ec636
ecad1
ech63
eckm4
ecnhq
ecrgq
ed3sk
ed43o
edca6
edfij
edfnd
edgf5
edhsi
edifo
edjh6
edmmi
edooa
edpxt
eduvp
ee7cu
eeo7f
eesm3
eew4t
ef3ue
ef8wz
ef95v
efa7i
efa9t
efivl
efq65
efsdy
eg5es
eg5oy
egcpo
egd1l
egi83
egvw7
egxws
eh0nh
eh2em
ehbse
ehn7b
ehpdr
ei6e7
eicy1
eiigr
ej6qs
ej6sb
ej8oi
ej97n
ejbi8
ejkmb
ejknh
ejo3e
ejw1k
ek3a4
eklv6
ekmh1
eku1i
ekuhn
ekx0i
el0j5
el758
el78m
el7ar
el8dn
eleiz
elg0u
eljo4
ellh1
ello2
elnt3
elti7
em124
emiy2
emjoe
emjvv
emk8y
emklg
emkpi
emnor
emstc
emybj
en46u
en4df
ena8f
end1t
enitt
enx7r
enxq4
eo3cj
eo9te
eoila
eoiww
eojpf
eok7m
eor6f
eoxie
ep4v2
epc8x
epdi0
eplbz
epmps
epor5
eq120
eq19f
eq25u
eqd28
eqhjd
eqipb
eqj8o
eqypl
er2kf
er4v5
er90v
ercpq
erh4z
erl9q
ernyo
erph4
erxfg
es0rx
es9s9
escyq
esmig
esq2k
esvkl
et8iu
et8uc
etjpa
etv5p
eu3hj
eu6wb
eua6n
euauu
euvqx
euwd3
ev61f
ev75i
ev8ze
ev9o3
evdg5
evx2y
evz7x
ew91m
ewa21
ewct2
ewgkg
ewm4c
ewmkz
ewq0g
ewrb4
eww4i
ewxu6
ex08h
ex47z
ex5lb
ex9kp
excw3
exdgn
exgab
exjxm
exkss
exn1r
exo6d
exqyg
exxzp
eybbo
eybtj
eygu6
eyh3i
eyh7a
eyjoe
eyopo
eyr9v
ez2q7
ezan4
ezc1x
ezcnf
ezez7
f09nd
f0ky7
f0o69
f0p6w
f0syp
f0xrw
f1da6
f1t9l
f21s0
f28m0
f2d7z
f2dmn
f2k6c
f2kmh
f2n01
f2t2t
f2wo6
f2xyg
f2yct
f2ygw
f2zdp
f32cs
f36b7
f36se
f3eol
f3ku8
f3qmt
f40ie
f44wf
f4629
f4bbo
f4bil
f4qwq
f517f
f54dg
f55du
f55s2
f5690
f5k4t
f5l0i
f5qr3
f5rgn
f5rm5
f64dt
f6942
f6bp8
f6lgj
f6tg6
f6tik
f73hk
f74xk
f77ix
f7j9f
f7t0x
f7w4g
f7woa
f7z1r
f83cm
f8419
f87lt
f8b08
f8kjc
f8ks0
f8szl
f8tr6
f91ur
f9e84
f9ksc
f9no2
f9tc6
fa3cu
faawm
fandr
faq4s
fatd7
favsh
faxn2
fbcmb
fbg76
fbgvh
fbirg
fbkyj
fboh3
fby5r
fc66d
fc7tg
fcgl6
fcgw4
fchw1
fci19
fci85
fcm9t
fcn5u
fcos2
fcskg
fcswi
fcznu
fd2so
fdbey
fdeqg
fdpka
fds2c
fe0up
fe5vh
fe8gs
fe8io
feiy0
femx8
ferky
fetjg
fetme
fev4j
ff0qk
ff4ey
ff6df
ff8eg
ffo7u
ffxsq
ffykp
ffyps
ffzuh
fg9rl
fg9vq
fgaji
fgbk6
fgdn1
fgh6l
fgkm9
fgq6o
fgu5g
fgvqf
fgwae
fgx0x
fh3v7
fh8b2
fhatz
fhk0h
fhl2w
fhubu
fhuf5
fi2af
fi4n1
fi7pi
fidp4
fidw3
fihn5
fik4g
filtp
fimo9
fisnm
fiyxf
fiz0g
fj3nz
fj57k
fjifp
fjmcd
fjo81
fjpb8
fjv9s
fjvig
fjzot
fk6su
fk7wf
fk916
fkehf
fkkpb
fkl5k
fkpdg
fkxgk
fl15b
flca7
fldmm
flhcf
fly4p
fm1rf
fm87b
fmg3e
fmm4o
fmndk
fmsuw
fmt24
fmzsx
fn1y0
fncv9
fnhgi
fnit1
fnvm4
fo0qf
fo72n
fo7lu
foa4v
fodvo
foljn
fou5i
foyy9
fpc5b
fpnf2
fpuv2
fq2io
fq2v2
fq9oj
fqkkb
fqktb
fql9e
fqmt6
fqq6h
fqxrz
fqzbj
fragn
frden
frle1
frpag
frt1d
fruzr
frz8r
fs4ht
fshr0
fshxr
fsm2z
fsn4d
fspa7
fsvqt
ft100
ft3sf
ftcsu
ftekb
ftr53
fu9y7
fucoe
fuii8
fukj5
fumx3
fup0v
fuwxp
fuy4w
fv0en
fv4uu
fv7i4
fv86i
fvj1f
fvtrk
fw4gp
fw57k
fw937
fwb7d
fwc0j
fwcmn
fwle5
fwotf
fwppq
fwr4n
fwswx
fx37i
fxeh2
fxh62
fxoys
fxpq2
fxse6
fxthq
fy17i
fy3cd
fyegc
fyjvt
fykkg
fykt4
fylv3
fym2i
fyou4
fyrhp
fz0aw
fzefb
fzpkz
fzq2f
fzxnn
g03wr
g07bi
g07ov
g0a0e
g0b1k
g0dw2
g0n4z
g0qbl
g0snc
g0wmq
g11s4
g12n9
g17ec
g1a6q
g1j4j
g1sri
g1ue3
g205q
g290p
g2h23
g2k3y
g2nn0
g2t0v
g2t8e
g2vb0
g2xxt
g2zgo
g31yw
g34a0
g36iy
g36t9
g3bv8
g3dry
g3g3f
g3yra
g40uh
g414f
g422i
g43v9
g4439
g44ax
g4fge
g4spd
g4uzu
g4w1u
g4zz4
g5115
g5ab7
g5cd9
g5de9
g5mda
g5o32
g5obn
g5ttl
g6022
g61u8
g68w5
g70k5
g76dg
g7chu
g7kyk
g7q86
g86sb
g88l5
g8992
g8cod
g8ptx
g8s6m
g8uud
g93eg
g98j4
g9gaj
g9hsj
g9n2k
ga4up
gacyg
gaijz
gaj7d
gau5e
gawn7
gawvb
gb1kb
gb434
gb50r
gbdkv
gbidu
gbki4
gbklo
gbl1a
gbvii
gc5yt
gc98q
gcekk
gcfpt
gckl2
gcmpb
gcslj
gczuq
gd97v
gdb4t
gdpgc
gdyli
gekhd
gep2t
gesqw
geujw
gexxx
gezwn
gfffm
gfgpf
gfhvy
gfknj
gflmb
gfmk6
gfnw2
gfygu
gg2z6
gg8zq
ggnci
ggnkm
ggobq
ggwex
gh00f
gh3gy
gh7ao
gh7th
gh9n3
ghnc4
ghovu
ghwjf
ghx62
gi6wc
gi9wk
gif8z
giggc
gipbh
giuyl
giwih
gix1p
gj65a
gj7oh
gjqn1
gjxcp
gk36i
gk833
gk9ms
gkb3z
gkexf
gkgrz
gkkxt
gkyje
gl60q
gl78t
gllcf
gltjk
gly7z
glzbe
gm497
gm6v1
gmaek
gmafr
gmecp
gmelw
gmgu8
gmqec
gmyi9
gmzn8
gn5np
gn80r
gncu5
gng69
gnmkq
gnqj7
gnvh5
gnz07
go91c
gocia
goe9n
goebf
goib8
gok6e
gokcf
golmc
gonfo
gooue
gowp6
gowus
gp1mz
gp99h
gpvcp
gqj6c
gr7fc
grboh
grnal
grszp
grvp1
gs2hm
gs4zn
gs5de
gs69j
gs8wn
gscam
gsepr
gsjkg
gsjr6
gsnlr
gsqc0
gsu1c
gsu2z
gt4a4
gtetp
gth1w
gtmxi
gtpie
gtq9i
gtrpt
gu1wu
gu4y2
guda5
guf0v
gurkc
gutjn
guvhi
gv2cc
gv3y7
gv41g
gv9ug
gvfti
gvobt
gvvgz
gvxkq
gwbbq
gwdd3
gwqho
gwy5e
gxbpx
gxduf
gxf4n
gxre3
gxs39
gxsds
gy3f7
gy438
gy63o
gy8ss
gye3v
gyg2u
gyiyz
gyoom
gyqdi
gysvs
gytoi
gyzwr
gz33z
gz80o
gzlok
h00tr
h02x5
h086j
h0d2a
h0g68
h0iq1
h0jxw
h0vdw
h16f2
h1l8i
h1p89
h1vsh
h1z46
h25jt
h2kep
h2lik
h2orx
h2st0
h2xl0
h2y44
h2zzc
h31mf
h331b
h33bm
h3cgt
h3dnz
h3iia
h3kej
h3s6c
h3vku
h3vxb
h3y90
h428r
h43kc
h44qg
h499d
h4bik
h4mad
h4mp1
h4nyw
h4xr0
h4xzo
h52ir
h5555
h5fqk
h5w8f
h62lz
h62sz
h651b
h66tx
h6g0n
h6gy4
h6nlm
h6pdm
h6pkl
h6r0n
h6r24
h6w6y
h79am
h7bzo
h7mem
h7z5k
h831l
h878l
h88mm
h88o2
h89e5
h8ec1
h8l1y
h8mtt
h8nm1
h8zpi
h905s
h99ms
h9cqv
h9cv4
h9q1k
h9x65
ha5rn
hasf7
hb0lv
hb1ao
hb41p
hbcko
hbdne
hbiud
hbli6
hbo9s
hbsm0
hbyxx
hbztd
hc445
hc98f
hc9y8
hchs9
hcpsh
hcq1u
hcwzw
hcx8e
hd481
hd6ye
hd92e
hdba3
hddk9
hdlku
hdxql
hdxyp
he71c
he9i6
heas2
hec4k
hed1q
hefek
helxp
hero2
hewuu
hexrf
heyi3
heyyf
hf11t
hf26b
hf2lk
hf68i
hfaf6
hffw6
hfr42
hfrxq
hfzpp
hg1k6
hg6t3
hghe2
hgiyc
hgqtr
hh8ks
hher1
hhfga
hhh8i
hhwod
hifmt
hih1x
hijk9
hijlc
himmb
hiq1o
hiqqp
hir5p
hiunh
hiwsh
hj51h
hj5x4
hj8cm
hj9g4
hjcmu
hjdso
hjg5k
hjget
hjgne
hjm7p
hjpjd
hjvcn
hjxhi
hk5ak
hkbbd
hklp6
hknmy
hkpjb
hkrqn
hkt0l
hl3hd
hl3j3
hl8tv
hlhls
hlib2
hlrmf
hlu1p
hlv9v
hm0ih
hm172
hm3fz
hm5so
hm6xx
hm8h4
hmetb
hmp67
hms2b
hn0bq
hn5fz
hnuh3
hnuwu
hnxdb
hnyrp
hnzqz
hok1m
homj4
hopms
hozf1
hp5k7
hphh4
hpt9r
hqagc
hqe2a
hqen5
hqmxs
hqoap
hqtl5
hr1x9
hr2s3
hr412
hr4cu
hr936
hrdai
hrvqg
hs61c
hs8c2
hs968
hs9jf
hsasl
hsf13
hsne6
hsqjw
hssbt
hst8j
hswmn
hszbu
ht1q0
ht5yw
htb5n
htdt2
htgp0
htnf4
htpx6
htsae
htubm
htwsz
htzzh
hu3ta
hu901
hudvx
huepl
huete
huhtt
huld9
hupkp
hurab
hut1p
hutjt
huujw
huweg
huzqw
hv14e
hvfy5
hvgx5
hvn2s
hvrbl
hvug5
hw2tu
hw3ht
hw8ar
hwhkz
hwqci
hwubn
hwxzm
hxhsb
hxji0
hxjwq
hxnoe
hxof8
hxqyt
hxr9v
hxrfn
hxsyk
hxupp
hxzls
hy3cp
hy48d
hy61m
hy64o
hy6zp
hycnp
hyhdg
hyi9d
hyla9
hyya3
hz3tz
hz7fy
hz9yr
hzbcf
hzpg4
i0088
i077n
i0f27
i0ggf
i0lo1
i0n0h
i0s25
i0sib
i0vou
i0w4e
i0wvq
i0x2j
i0x6f
i0zu5
i18la
i1dv4
i1ub2
i28t8
i2fhu
i2gjg
i2llb
i2opb
i2rjo
i2t9b
i2x6b
i34vy
i38g2
i38m5
i3a6r
i3b73
i3itz
i44l9
i4fex
i4fm0
i4jk4
i4p03
i4p7p
i4r80
i4ufl
i555z
i5afi
i5ddk
i5k76
i5vqq
i5w2l
i5x0l
i60o9
i65un
i68nf
i69qe
i6dzc
i6fod
i6fs3
i6gie
i6ope
i6u9z
i6yhw
i74vu
i79vb
i79wf
i7hww
i7kyr
i7m75
i7pkn
i7t93
i7z4d
i83r6
i8gfk
i8tj8
i901a
i9329
i94wc
i95mo
i99li
i9bku
i9hjq
i9rce
i9sbw
ia041
ia2g8
ia4p8
iacda
ialgn
iamhz
iaqkm
iayad
iayzi
ibev2
ibext
ibgpt
ibnl8
ibvhy
ibwcf
ibwe6
ic2sy
ic35z
icava
ici9v
ickum
icml2
icu23
icxa9
id7xa
id8uw
idbqw
idgb2
ids9w
idsfw
idtpd
ie0u8
ie4ji
ie5hk
ie6fb
iea72
ieaho
iel1w
ieojx
ieu2v
if6zr
ifflt
ifhlr
ifirk
iflvh
ifpni
igb2o
igfwp
ihc5l
ihh9o
ihlin
ihlvr
ihpkx
ihs2o
ihsnl
ihtbe
ii1td
ii2il
ii4fg
ii7o7
iiln0
iimq4
ij22w
ij60k
ijs33
ijtwr
ijvun
ika99
ikhcv
ikjv0
il7vj
il8jg
ilfwj
ilkav
iln6z
im6xo
im8vj
imbxw
imgns
imn9q
imorg
in1q5
in1yx
in2ff
in5yd
in7li
indyg
inito
innmo
inr61
inwoq
inyap
inyw3
inza0
io20c
io2kt
io2mj
io4jc
io8xw
iofkv
iolcc
ioqxn
iorjj
ip29z
ip2qz
ipe8v
iptr6
ipuar
ipz2b
ipzpb
iq7sa
iqbpr
iqc49
iqclm
iqm2e
iqmuw
iqq8r
iqtab
iqw3e
ircjy
irgix
irlkj
is8ik
isb0x
isehm
isk5i
itd94
ithcq
itihd
itkav
itpyh
ityqk
itzry
iu0ok
iu10v
iu2xr
iu75d
iu9oc
iuejx
iufsg
iuk5b
iuo8m
iuqsx
iut3h
iut5k
iuz8v
iv6dr
iv7s0
iv8yy
ivm47
ivplf
ivrep
iw8p1
iwcn6
iwhtf
iwpk5
iwpzk
iwqk3
iwruo
iwy58
ix1kn
ix6kx
ixhe9
ixq02
ixrwx
ixtw5
ixwvf
ixxen
ixxil
iy3da
iy3rv
iy53x
iydbt
iyfgh
iyg9q
iymrw
iyrqo
iyryf
iyy1r
iz5i3
iz6vz
iz7bj
iz9n3
izite
izk5n
izkfc
iznwu
j01kl
j0b3u
j0emw
j0fec
j0mbc
j0rok
j0skl
j0sy8
j0y5c
j134t
j145a
j16wc
j1kzn
j1lj4
j1rpp
j24dt
j28bz
j2bfi
j2bkv
j2e4c
j2iem
j2z1w
j31a8
j33t3
j36b7
j37ty
j39xu
j3nvh
j3rza
j3xt2
j41ff
j41k4
j45bw
j4ax3
j4bxd
j4eks
j4kpx
j4sgc
j4w4y
j53cl
j53x2
j57fx
j59ru
j5etb
j5h6q
j5k84
j5kqi
j5mfl
j5vdi
j5ys4
j6cdk
j6mv0
j6vdi
j72lv
j7a0j
j7sq8
j7tn0
j7u5g
j7xwz
j8b08
j8cwh
j8e7a
j8w2t
j8zdc
j91ph
j97a3
j9hvi
j9jcy
j9nti
j9plq
ja5n0
ja6p0
ja6yf
ja92r
jab0t
jae1v
jag3x
jahdz
jaogr
japh5
jargk
jas36
jauqt
jayn7
jbax3
jbfp7
jbggt
jbjpo
jblze
jbtgi
jc0c0
jcaeo
jcczi
jce1v
jckyd
jcodt
jcsoz
jctgy
jcumm
jd2df
jd9ky
jdc0u
jddiu
jdec1
jdfls
jdkys
jdlqn
jdnqj
jdou5
jdpzg
jdswt
jduds
jdz6s
je655
je74r
jen2y
jeoeh
jepau
jf6ii
jf6ys
jfa95
jfgxb
jfhon
jfmrh
jfoe6
jfrdl
jfuz5
jg00g
jg0zo
jg3i4
jg3nn
jg4tu
jgiur
jgu36
jh2so
jh38t
jhgoy
jhsta
jhvd6
jhx1q
ji0oj
ji3h6
ji6qx
jiaeb
jijdw
jikdj
jinut
jir7g
jirro
jiv3n
jj5ei
jjbdq
jjcsa
jjhtf
jjifr
jjjrx
jk5uv
jk6y6
jkaqn
jkf3u
jkrnn
jl3w6
jl6fc
jl9fi
jla7t
jlcou
jlhmp
jli6r
jljn2
jllms
jls2y
jls8x
jm9z8
jmksj
jmn77
jmpvm
jmqst
jmwmk
jndjz
jneyn
jnn71
jnp4m
jnyud
jo0f8
jocu5
jof9h
johbm
johns
jolfh
jom4o
jpgt7
jphbq
jpjr6
jpkdy
jpsz1
jpwiy
jq3ql
jq693
jq7nt
jqg1b
jqq5q
jqtaf
jqxkz
jr2w8
jr3fk
jra86
jraec
jre9u
jrk8c
jrpag
js3ce
js6o0
jsh7j
jsnxk
jstiq
jsvvp
jt5qz
jtc92
jteew
jtfll
jtld0
jtmml
jtz44
ju3uo
ju4ol
ju75x
jubx3
jucp7
jueyp
jug0f
juhxn
juqro
jv0pr
jv0t3
jv5ku
jvcrf
jvi9q
jvmkn
jvq9x
jw0jr
jw47c
jw6x1
jw8xg
jw9pc
jwbus
jwg2r
jwj24
jwjvm
jwock
jwqx3
jwtv4
jwxbk
jx332
jx4a8
jx7sn
jx9nv
jxidb
jxj0y
jxl3b
jxope
jxps5
jxrcy
jxrht
jxt7l
jxtvt
jy0r9
jy1n0
jy83v
jyaex
jycnt
jyfjt
jyhdu
jyjci
jytxh
jyvhr
jyvqv
jywof
jza3m
jzc1n
jzhwo
jzs8y
jzu35
jzvzd
jzwmm
k0kdg
k0knx
k0ndx
k0oqs
k0snc
k0zf8
k0zyr
k1ln0
k1nsf
k1vmn
k28eh
k2bgf
k2d24
k2hte
k2ofm
k2swu
k2xu7
k31j7
k31uv
k329a
k33i4
k361w
k396v
k3b9b
k3bxr
k3ffi
k3lhq
k41iq
k43tm
k4cjs
k4jj5
k4q0l
k4qbn
k4r3l
k4si8
k4tcx
k4vuh
k4y2s
k53ig
k53wi
k5apx
k5d7f
k5f2r
k5g8l
k5hhq
k5keb
k5p87
k5s5a
k60qv
k68dd
k6btl
k6n1o
k6p19
k6r2k
k6vjz
k6xv9
k6ysz
k6yw0
k70d0
k741d
k7rk0
k7zhl
k81ki
k839d
k84i1
k8c6i
k8ey6
k8gwr
k8ivd
k8my2
k8s60
k8s6m
k8tf1
k8wa0
k91q2
k9258
k94kx
k95uk
k9a8g
k9gmh
k9hdy
k9hi4
k9k6i
k9mov
k9nan
ka9kr
kadvj
kaewf
kaib7
kapqw
kb8d1
kbf5z
kbom0
kbxn8
kc8jl
kcb15
kceke
kcesm
kcg9n
kcilc
kcr07
kcui3
kd8do
kdaxu
kdi6e
kdlxs
kdt0c
kdtdh
ke186
ke4pq
ke8p1
kebv4
kef9m
kegg7
keqoa
kexj7
kezns
kf76a
kfa56
kfeo9
kfevf
kfg1y
kfh6v
kfsdv
kfv5e
kfyxt
kg0ts
kg5pq
kgf7c
kgg43
kghww
kh5v8
kha7o
khbkf
kheid
kheqz
khpcz
khriv
khs7y
kht3c
khwol
khzqi
ki1vy
ki51z
ki6vz
ki7l6
ki855
kib3n
kiivp
kikq6
kilbi
kiodv
kisrw
kivuz
kixz8
kizrk
kjfh6
kjgqc
kjsa1
kk1ty
kk35v
kk6n0
kkefr
kkl9u
kko44
kkp27
kkrw9
kl0vz
kl1vl
kldx5
klp9v
klzqq
km22r
kmcn0
kmf4k
kmfyk
kmgky
kmsm1
kn19g
kn1w8
kn2ml
kn3n1
knbbr
knc3d
knh7d
knib0
knq24
knu47
ko9rf
kohxi
koxa6
kp01h
kp139
kpkhg
kpkwc
kpr7y
kpv3q
kpvjn
kq0j2
kq0vl
kq4nh
kq68m
kq70e
kqe89
kqfm6
kqhoe
kqqik
kqvk9
kqvq4
kr13n
kr2sc
kr45p
kr7hb
krd6y
krja3
krkoq
krtf5
ks9dl
ksbk5
kscx1
ksojm
kssts
ksx27
ktkqg
ktqy6
ktuuo
ktwgz
ktyk2
kuszq
kuxso
kuyu9
kv0ab
kv8ts
kvced
kvlcm
kvpti
kvtj9
kvv8o
kvx20
kw2oo
kw3py
kw7ak
kwapq
kwk3c
kwlye
kwvbf
kww3k
kwxar
kx3bz
kx4kg
kx8b6
kxek7
kxfoj
kxghm
kxjii
kxm7c
kxrob
kxt9a
kyklc
kykp2
kykse
kyy9m
kyyuh
kz0qh
kz6hl
kz7h4
kzdtr
kzr9p
l029s
l0ccn
l0dck
l0ip2
l0jfw
l0kib
l0kt7
l0ta0
l0u4e
l0xct
l0yln
l11ue
l18ez
l1a99
l1he0
l1lr1
l207d
l27dp
l27s5
l2ee2
l2ess
l2fm9
l2i8h
l2kpr
l2ou6
l2vu3
l2ze0
l30m8
l32ob
l36ak
l3a1x
l3bwf
l3by2
l3cea
l3dpf
l3g7w
l3gaa
l3hce
l3wea
l3y0b
l40nm
l41nr
l47gv
l4seu
l51pt
l55pn
l59fe
l5dzv
l5nvf
l5oqr
l5s03
l5wpt
l62m2
l647k
l65rs
l6ayw
l6d7f
l6hzo
l6s3h
l6win
l70si
l72xv
l7g1q
l7jid
l7sg8
l7wv2
l7zoy
l851z
l852l
l85vi
l88ns
l8ecp
l8f9e
l8fvq
l8nq5
l8o9g
l90qj
l91kq
l955p
l9hs4
l9jaq
l9kak
la0ur
la30r
la63z
la8yl
la9om
laal7
ladok
lahqp
lamj8
las99
lb7lt
lb821
lbew9
lbf4n
lbhij
lbkt7
lbms5
lbpfd
lbsba
lbtbf
lbuef
lbxpi
lc5b7
lc5bd
lc5wu
lc63j
lcqu1
lcrxl
ld4ao
ldalw
ldivt
ldjn7
ldmul
ldmy7
ldo5p
ldt7v
lduri
ldvya
le0yq
leanc
leb5c
leesd
lefpt
lehny
lehsw
leoi3
lesy6
leyod
lf2vr
lf34d
lfj85
lfpn7
lfpow
lfxjn
lg9rx
lga5i
lgb2w
lgbov
lgcrl
lghd3
lgtp4
lgydb
lh8vt
lhb8s
lho3s
lhq8n
lhqky
lhtgt
lhufj
lhz29
li0ds
li22x
lidre
lif07
lifx3
limkp
limuk
liv8u
lj3kq
ljcyu
ljd8n
ljg7l
ljjg3
ljr1l
ljr6c
ljs20
lju5j
ljwla
lk567
lk5t8
lk6uf
lkmbh
lkmih
lkqk1
lkrws
lkuh0
lkv24
lkw5n
ll1xu
ll5tf
ll6tn
ll7ov
lldi9
llfai
lligq
lljop
llk07
llkau
llkmu
llru4
lly3a
lm320
lm720
lmaar
lmcop
lmg58
lmkb2
lmmmg
lmu5u
lmw3t
lmzuw
ln04w
ln229
ln3g5
lngjc
lns87
lo0sw
lo4ks
lo6zq
lo935
locg1
loeqx
log0a
lowfz
lox99
lp16e
lp4u4
lp58t
lp7dy
lpl1v
lpoxj
lpsyk
lptg4
lpv4u
lq054
lq2fl
lq3wd
lqaa3
lqd3k
lqfo2
lqftc
lqjs0
lqswi
lqxua
lr2l3
lr37v
lr95y
lrexs
lrmxt
lrn6j
lrv1f
lry5w
ls517
ls5j7
ls8tq
lsagp
lss4d
lst5a
lsvhf
lt5kh
lt6j5
ltl1r
ltnk9
ltpmu
ltyvi
lu0jx
lu8vt
lucxh
luds9
lue0a
lug93
luhz1
lulc9
lupq9
luyce
lv3th
lvagv
lvat9
lvdol
lvjbh
lvuvy
lvwat
lvy0h
lw0bg
lw1da
lw77s
lwcfs
lwd5o
lwlus
lwn8f
lwux5
lx064
lxfta
lxghk
lxir3
lxm5g
lxm5p
lxpxe
lxz32
lybgn
lyc0b
lydza
lykvs
lyqcw
lyun7
lyx1t
lyzb6
lz1v5
lz2uy
lz40p
lz7oe
lzf0i
lzfng
lzh7e
lzql7
lzxe9
m00aw
m02z2
m06bt
m0cs9
m0d4w
m100r
m10au
m151t
m16ri
m1bod
m1gel
m1ihb
m1nb9
m1oox
m1ukt
m234u
m27fj
m2o2w
m2o39
m2qvx
m2yfc
m30of
m32wt
m34k1
m35qr
m3as8
m3d9j
m3hp0
m3hq3
m3i32
m3ktq
m3oa3
m3plu
m3s1l
m3v0x
m3x3o
m3x7j
m3y23
m44j2
m4bj2
m4c1o
m4dhm
m4fa6
m4m32
m4nod
m4p9b
m4rhy
m52p1
m5biw
m5fio
m5n0w
m5n21
m5nby
m5urp
m5zve
m6k04
m70cu
m71ch
m735j
m7526
m7d3q
m7f0e
m7flz
m7gi0
m7ll2
m7lpd
m7nlr
m7puc
m80lj
m841a
m85at
m86e5
m887c
m8aov
m8cmn
m8gil
m8kea
m8p0v
m8u3l
m8uws
m93u4
m9glp
m9pys
m9u51
m9uqh
m9yix
mae66
mafdd
mahdr
mai4q
mai9b
mappr
maqch
mat9f
matci
mb3j7
mb3yc
mb9wi
mbav7
mbnih
mbpr2
mbtw2
mbx18
mc3an
mc45q
mc8w6
mctf7
md3rr
md7dd
md88l
md8ms
mdca6
mdmlm
mdp1u
mdqbk
mdsyk
mdvfa
me151
med7r
mejcc
mepti
mex1e
meye3
meyu3
mezx7
mf1v0
mf76d
mfd67
mfemk
mfmpd
mfnhp
mfr85
mfzfg
mg5p6
mgasy
mgayx
mghdw
mgio2
mgnlt
mgwh6
mh68d
mh6pe
mh826
mhc9h
mhmsg
mhod8
mhucd
mhvjb
mhyav
mi7dc
mioem
miqja
mj0ki
mj1w7
mj2cx
mj5o0
mj5s7
mjjf8
mjmxf
mjpb3
mjptr
mjtet
mjxve
mk0jl
mk1pj
mk7oh
mkf0a
mkmli
mkn6y
mkqqa
ml0e0
ml18l
ml1u5
ml29n
ml2ih
ml3oz
ml857
mla4y
mlnz1
mly1r
mlyd7
mm6dj
mm8kq
mma6a
mmbco
mmilw
mmj98
mn19k
mn3jp
mnc6a
mnevz
mngj2
mntqs
mo4vw
mo8n6
modil
mofvt
moip6
mot58
mowuu
moxxi
mp068
mp3jf
mp59q
mp887
mpdd0
mpw3t
mpzlm
mq0t0
mq3if
mq6v2
mqamr
mqgem
mqm1v
mqofy
mqqp3
mr9gc
mr9od
mradw
mrljr
mrls2
mrmmo
mrqiz
mrqkp
mrwq6
mrwrj
mryv1
ms3tn
msed5
mshuq
mskn5
msu54
mt30s
mt6mq
mtf7l
mti66
mtjdh
mtrrd
mtxet
mu2kj
mu9kz
muevy
mufl4
mur4p
mux26
mux57
muxpp
muzyo
mv9j3
mvbrw
mveb7
mvgrb
mvp9w
mvw0c
mw80d
mwei0
mwepm
mwhfw
mwqjo
mwykh
mwzf3
mxc5l
mxnzo
mxqcd
mxuxs
my0h8
my1jn
my3m0
my6h2
myegg
mylhd
myloy
myqb6
myy4o
myzbz
mz0ag
mz2r9
mz9tr
mzaw3
mze01
mzjup
mzl18
mzlik
mzvzm
mzwiq
mzxy4
n03rt
n0bd4
n0ds0
n0oy3
n0qfz
n0sy3
n15hd
n17ba
n1clm
n1qgm
n1wgr
n1x6q
n20b6
n20f2
n27c4
n2806
n2ey7
n2fir
n2nr6
n2p8z
n2qjg
n2vw3
n2ws7
n2wsa
n31px
n35kq
n36hy
n39w3
n3eg2
n3moy
n3tzw
n4054
n40o7
n44pw
n46yf
n4d2x
n4kqz
n4xs1
n4yck
n4zcn
n57og
n5nvb
n5qxd
n5s93
n5se5
n64hb
n653d
n6jsp
n6ok4
n6w0c
n6y6t
n70rs
n717d
n71z1
n75hq
n781c
n79ki
n7ef6
n7fmw
n7n1j
n7vvq
n7yjz
n7zwx
n8pee
n8tv1
n98x2
n99ey
n9j1z
n9ozp
n9y7q
na2ma
na5pf
nacxz
nah5b
nahaj
napmj
natlu
nb0qw
nb7o6
nbb3a
nbgnn
nbmqn
nbpt5
nbq9z
nbzdz
nc7n2
ncl78
ncmfq
ncsd7
ncu4c
ncvdw
ndc9w
ndh3w
ndlcp
ndoyy
ndvga
ndwla
ndxxj
ndzw7
ne01j
ne12s
ne54k
ne7yx
neckx
nf8gg
nfcxm
nfe6r
nfpa9
nfsxi
nfzua
ng59k
ng8m4
ng901
ngjrx
ngqpb
nhk0f
nho6e
nhrn0
nhtry
nhtus
ni6bb
ni7ah
nim76
nismf
nitmm
niuj5
nj08p
nj8rs
njofh
nju8j
nk0iy
nk438
nk7xl
nk8fa
nkbfd
nkjgm
nkl7v
nkrxc
nl027
nl4yr
nldsd
nlivl
nljjf
nlke7
nlo8h
nlqvg
nlrou
nlt1i
nlvc9
nlz29
nmg08
nmgp3
nmkee
nmtih
nmxk4
nn0p6
nnael
nnnzn
nnou4
nnu59
nobyg
non1b
non98
noqwl
npbyd
nphwh
npip2
npisj
npkpg
npla9
npmie
npmkb
npn4m
npq6y
npryc
npv2m
npwl2
nq03p
nq14p
nq73g
nqf22
nqj4g
nqm95
nqn62
nqqiq
nr1p3
nrfos
nrm98
nru2e
nrwf0
nrwwd
ns2h6
nsiw4
nsuhf
nt3ag
ntesh
ntjlt
nto5q
ntpo2
ntvh9
nu2na
nu74o
nu87u
nuclc
nueir
nulk9
nup8f
nus8j
nutpn
nuv82
nvj8c
nvl6g
nvpcu
nvphe
nvszg
nvt6e
nwdly
nwk38
nwm1p
nwqze
nwwsr
nx09f
nx5w8
nx62w
nx6v1
nxbg6
nxegg
nxf0v
nxki9
nxrew
ny04y
ny0ds
nyd7r
nyg8b
nyhjj
nym1e
nyovy
nyugo
nyv2f
nywzc
nz71e
nz8b8
nzbjz
nzd4z
nze1h
nzfdk
nzfrh
nzmyj
nzn68
nzw9a
nzy2m
o09zg
o0adc
o0et8
o0i50
o0o3r
o0vcm
o0y02
o15ba
o1bpb
o1dla
o1g2w
o1gc8
o1qcy
o1rsb
o1thl
o1vv0
o1x5x
o25ih
o28aw
o2b2f
o2d5a
o2dbm
o2g2y
o2gj0
o2lbc
o2p72
o2y8l
o34l4
o37g2
o3c8i
o3iwz
o3lpn
o3p7g
o3pla
o3tv4
o3vf0
o4a3w
o4ajs
o4nhe
o4qkn
o4qol
o54on
o55gf
o581x
o58c2
o58j1
o5b53
o5dh7
o5dxs
o5pk0
o5xnc
o64bl
o6afa
o6cfz
o6jk2
o6sve
o6tbg
o70rm
o7bwn
o7cxi
o7d4j
o7d57
o7d98
o7g4c
o7lme
o7n02
o7o8a
o7ugu
o809q
o8v9u
o8wpv
o8z2m
o9ey7
o9k2b
o9u7r
o9ueb
o9uqw
oa068
oab77
oahb1
oao15
oars3
oawns
oaxsq
ob8av
ob8na
obb3g
obi00
obohi
obqm3
obqw2
obt5l
oc4qb
oc6gt
ocabn
ocbxt
ocdxh
oce09
ocfni
ociwg
ocjt4
ocnnp
ocvm1
od33c
od46t
od9cc
od9dl
odc3g
ody77
oe0zq
oe2bd
oe62w
oeao9
oegos
oejm2
oemu8
oeq9j
oetxz
oevcv
of059
ofblf
ofek0
ofj5e
ofsyy
oftao
ofucc
ofulc
ofw2m
ogns4
ogr9f
ogs1z
ogudk
oh0q4
oh77p
ohi56
ohio8
ohtop
ohz84
oi9gf
oikeb
oilgi
oimzb
oittb
oj1p1
oj22c
oj69x
oj8hs
ojdpg
ojg4y
ojsse
ojx0b
ojyuy
ok3xj
ok8fk
ok8vg
oki55
okqbc
okyvs
ol269
ol85l
ole8d
olvxy
olwmj
olzcs
om5gr
omnlm
ompju
on07r
on1gy
onpcn
oo42j
oo5qt
oo84z
ooajl
ooeq3
oog2k
ool9u
ooy22
oozd5
op1ub
op71s
op82q
oplrz
opypz
oq3x6
oq6rb
oq9mb
oqbkz
oqhzj
oqile
oqj8j
oqmpo
oqooo
oqtal
oqw9p
or8ew
ora59
orgf3
orn4t
ortbi
orvqx
os3up
os63h
os6ud
os9pk
oshm9
oshrw
osk0w
oso1l
osz7f
ot3um
ot6g1
otld1
otoel
otq5m
otvau
otx7f
otyq6
otz01
ou2g7
ou3f0
ou3hj
ou5ie
ou823
ouead
oug2o
oulfd
oum5m
ouoo1
ouv7h
ouvav
ouyya
ov4k1
ov807
ovay2
ovbhl
ovhrg
ovixb
ovk9k
ovn96
ovvih
ovxo8
ovzd8
ow175
ow9rx
owep3
owfot
owhlj
owiik
owk3u
owld5
owlzp
owp2y
owr2i
owsuw
owv1u
owvr2
ox40x
oxa3w
oxcaf
oxg8y
oxhsi
oxlw6
oxpne
oxw00
oxwq1
oy6bj
oy7am
oy8b2
oyjn0
oynq4
oyx4b
oyzsw
oz1cj
oz22s
oz679
oz6od
oz9t9
ozagq
ozm6u
ozr71
ozsux
ozuf3
ozuwe
ozy8t
p019l
p03zs
p05nj
p0ayq
p0rlj
p0vvf
p0z9p
p1158
p1dg0
p1l60
p1l8c
p1mlm
p249u
p2780
p2ak7
p2lq3
p2m4s
p2psu
p324a
p33s6
p350m
p358w
p3n96
p3smz
p3t12
p3wf8
p3yhc
p41r4
p44h7
p4fm1
p4nok
p4wco
p52kb
p59oq
p5c30
p5egd
p5k99
p5ku2
p5wdr
p66vv
p68h9
p6984
p6a7f
p6aeh
p6tq2
p6u76
p6zty
p7015
p703d
p70cz
p71ai
p78s6
p7cz9
p7f2z
p7fis
p7gdu
p7lgz
p7p8r
p7pjp
p7vho
p7xow
p7zh7
p838b
p98dp
p98fz
p9c12
p9e6d
p9ftq
p9rk5
p9vdc
pa3ja
pa60i
pa7a9
paasp
pajfw
papih
papwm
partu
pb4sr
pbblb
pbgik
pbgtt
pbnvq
pbuuj
pbvm2
pbxp7
pcwjn
pd6z6
pdat6
pdg08
pdy3r
pe4ji
pe4me
pead3
pefn7
peh09
pej9z
peqqk
perqw
pewrc
pf586
pf6j6
pf81b
pfhqw
pfn09
pfndb
pfv0s
pg4ak
pg52e
pg5n7
pgczn
pgg6o
pghyd
pgin5
pgiog
pgkzj
pgmz2
pgr7c
pguf1
pgvar
pgx8l
ph06u
ph3po
ph3rs
ph5jy
phcxm
phfck
phg9f
phkhy
phlas
phskv
pi3sf
pi51z
pifdh
pirup
pithx
pizah
pj2hw
pj4i0
pjpce
pjqhi
pjqtm
pjxce
pjxqa
pk045
pk0gx
pk1au
pk4jh
pk9ni
pkb77
pkd2i
pkhcw
pkmmg
pko4q
pko8r
pks7r
pl24z
pl4sg
plf6j
plhc6
plneq
plom0
plpbt
plpbx
pltzh
plvw9
plw1q
plxbw
plz0n
pm0bd
pm6lb
pm7dc
pme1j
pmkrs
pmp5l
pmtfs
pn8r2
pnajk
pnb4a
pnb59
pne1g
png37
pngy1
pnhpl
pnphc
pnu6o
pnv15
poe4x
poftd
pokmz
porje
pou39
pow2t
powrp
poxog
pp1eq
ppe3k
ppjjl
ppmuz
ppmwx
pps7a
ppt4j
pptlk
pq7sn
pq8ml
pqamp
pqdoa
pqtdz
pqtfw
pqwff
pqxy4
prcsg
prezz
prtcs
prubh
prw7i
prw7r
pryyi
przc9
ps0s2
ps1vt
psbfr
pscv9
psgdb
pshzu
psrdm
ptbbs
ptq8x
ptugf
ptuyn
pu81y
puewp
pujka
punn0
puqsk
puv0i
puxlw
pv1am
pv33e
pv8a7
pvcih
pvee5
pvg8f
pvhxq
pvmeb
pvmhu
pvt67
pvxrt
pvz3y
pw3pi
pwbgu
pwcje
pwgsr
pwhu1
pwmby
pwqee
pwqt6
px1yz
px26t
pxe8a
pxonu
pxsjj
pxspl
pxvdh
pxxlf
py1kw
py5fr
pyafn
pyclj
pyjhx
pymxp
pytlh
pz5if
pz7xg
pz8qw
pzcij
pzf98
pzht4
pzr3p
pzsvs
pzwcf
q01pj
q076x
q0cmw
q0hgh
q0n1f
q102l
q1kj8
q1kkf
q1owg
q1sd0
q1vs6
q1w3q
q1wmu
q1yat
q1ye2
q1yqb
q24wv
q2c94
q2jy1
q2mw9
q2tm6
q304i
q3h4x
q3sll
q3v0t
q3v4x
q42fj
q45a0
q46ee
q48d0
q4gkq
q4jkn
q4o8d
q4t56
q4y8d
q4zm1
q53no
q5h4k
q5hmr
q5odm
q60re
q66i1
q6a4k
q6bzh
q6dwc
q6jfj
q6npi
q78kr
q7aqh
q7jpe
q7lcj
q7mjd
q7o1s
q80wf
q80x3
q8j8w
q8msi
q8n1f
q8szr
q8xb4
q8y1k
q9bc0
q9j2c
q9tiq
q9ygh
qa6i0
qab13
qacef
qaews
qafuu
qajfy
qal3h
qamq4
qap2t
qaqxp
qavkk
qayjq
qazse
qb6jk
qb712
qbbg4
qbfao
qbjxq
qbm0k
qbor4
qbvoh
qc6tu
qc7pq
qc9hm
qcf3p
qcix6
qcjoh
qcksk
qcn6b
qd35j
qd6cv
qdawa
qdg5a
qdjd1
qdpnw
qdt0a
qdvhf
qdwia
qe6gq
qe9yr
qe9yv
qea11
qejfy
qejps
qemjv
qf4kk
qf77s
qf8sq
qfayy
qfis8
qfjaa
qfjgn
qfmf5
qfmvy
qfnuv
qfqe6
qfsb3
qfvdr
qg4vd
qgelg
qgrpy
qgyon
qh380
qh5rf
qh7aj
qh8zy
qh9vz
qhcbe
qhdiv
qheg7
qhkof
qi2bx
qidfu
qilt0
qipzz
qis3e
qiz26
qj4pg
qj69w
qj7ec
qj9fp
qjb05
qjnkh
qjnvw
qjo7o
qjwhc
qk05s
qk6ze
qkabt
qkhky
qkskc
qkvnm
ql5yn
qlai0
qlc8q
qlg69
qlmgj
qlmt1
qlonu
qlpqu
qlty8
qlx5g
qlzf1
qmkbe
qmour
qmulq
qn36i
qn7k7
qna64
qncla
qnelx
qnkq9
qntb6
qnxh1
qocvw
qoena
qohb1
qohhk
qojn7
qonem
qopp0
qovf1
qozj4
qp0j9
qpfqn
qpfre
qpl03
qpo9n
qpqge
qpz3d
qq4th
qqdic
qqnhu
qqs38
qqt8y
qraav
qrfx4
qrgjc
qrkm7
qrme7
qrofu
qrofy
qs5l6
qs9j3
qsc4t
qsc9j
qsq4w
qsu7e
qsvmk
qt20a
qt76u
qt883
qt8ho
qtg7s
qtgtn
qtoam
qts5c
qtssp
qttww
qtuwc
qu0be
qu2k0
qu45w
qu7uw
quch9
quiym
qut8c
quvf6
quxrx
qv24k
qv8or
qv9ci
qvc51
qvcn8
qve4k
qvlln
qvoeh
qvpjd
qvwyu
qw6hp
qw6x0
qw7vl
qwanr
qwox8
qx43c
qx4nc
qx50t
qxcoq
qxfj7
qxfwi
qxkrv
qxvoo
qxxnc
qy3wt
qy7e5
qyg4d
qyopz
qyuwi
qz1fc
qzh1z
qzqhw
qzvnu
r02jb
r02lt
r03z7
r0cpo
r0dil
r0ebx
r0h8v
r0icd
r0nrp
r0yk0
r10r9
r11bz
r1333
r13hu
r14wc
r19n1
r1do6
r1e7i
r1h2n
r1iil
r1jgj
r1uj6
r1y3z
r265j
r26ek
r2e3v
r2eho
r2fdg
r2gem
r2izz
r2me6
r2obk
r2omc
r2ro7
r2t0y
r2uen
r2zm2
r35rk
r35su
r39kn
r3b6p
r3bqe
r3ev8
r3fgc
r3lh6
r3sl8
r3u95
r3xre
r3yvd
r43um
r478r
r48na
r4hcx
r4ibd
r4n32
r4ot5
r4t9g
r4ufo
r4wj5
r53ho
r546q
r5ldz
r5lj2
r5md1
r5t6q
r5vvl
r628o
r629t
r63g3
r6494
r6fub
r6idm
r6imr
r6l8r
r6m2l
r6mww
r6r6b
r6rbg
r6s1i
r6xd7
r70q9
r7b0l
r7cam
r7f8t
r7j4s
r7jml
r7jzw
r7p58
r7pyb
r7r0h
r7twc
r7vpj
r7ypc
r7zzs
r883m
r8890
r891p
r8920
r8arj
r8ffw
r8ggw
r8jox
r8vbo
r95or
r9iie
r9k83
r9s34
r9s7q
ragpe
rahy9
rb84f
rbe7u
rbpbj
rbyck
rc3zr
rc8pl
rcc5l
rcegl
rcepr
rchdw
rck0s
rco2l
rco53
rd2bw
rdaop
rdbnx
rdhm6
rdufp
rdupw
re22l
ree0a
regab
rehd9
relq0
relxg
remw4
renhb
repyq
req7q
rf0c0
rf3se
rf5a4
rfcos
rff1x
rfj9i
rfkhq
rfqlz
rfwc4
rg5rw
rg8om
rgbcm
rgee8
rgquk
rh1ko
rh1n4
rhbgm
rhfxr
rhhad
rhumn
rhwpo
riduw
rihf8
riivl
rioco
riokr
rirg4
rit7n
rj3fl
rj3mi
rj45r
rj5da
rjac4
rjc4b
rjjuy
rjmvs
rjopf
rjueo
rjvrc
rk3ap
rk3xz
rka08
rkc0d
rl51r
rl60c
rl6ij
rl851
rlb9o
rlclj
rlg63
rljgv
rlk27
rlkd0
rlmqs
rlop8
rlvs8
rm2rm
rm2th
rm3ho
rm8bz
rm8w3
rmhux
rmrcr
rn36j
rn3uc
rn6k5
rnj19
rnqpc
rnsp8
rny24
rnyhv
rnzdx
ro5n7
rof1u
roilr
rojc5
rot2q
roy3c
rpbqn
rph7o
rpp8q
rpvzv
rq3hm
rq6sy
rq834
rq8mv
rqb9b
rqddl
rql7d
rqnee
rqr6r
rqtzp
rquiz
rr4bf
rrmw6
rrszt
rrwhn
rs1xg
rs38u
rsfms
rsn45
rsobu
rt4gf
rt89l
rtaz4
rtl1i
rtndt
rtzdo
rtzz0
ru01c
ru86n
rue9s
ruf95
rujxt
rv5by
rv91k
rva32
rvfz3
rvgdt
rvhc1
rvhec
rvibf
rvrqb
rw0rj
rw27v
rw6dn
rw7b9
rwap2
rwfa8
rwgnf
rwix2
rwjud
rwnai
rwo8t
rx2lp
rx5mm
rx6zz
rxd7g
rxh1j
rxhg0
rxisc
ry7of
ry990
rypuw
rywhb
rz313
rz3cd
rzf0v
rzrz9
rzuss
rzz2t
s0140
s098q
s09vu
s0dx6
s0ln7
s0m7q
s0uvl
s0vhs
s10bn
s18fu
s1e3l
s1e9w
s1fyv
s1g65
s1xw4
s1ysp
s2024
s22x5
s284g
s2apr
s2b12
s2eee
s2hwc
s2wic
s3010
s30dr
s317q
s35j2
s3b3h
s3djt
s3kx0
s3qnf
s3xu4
s3yah
s45f4
s468n
s48jk
s490s
s4bqi
s4dsk
s4e2o
s4fkt
s4g31
s4i9a
s4n0d
s58un
s5a6b
s5fri
s5hdh
s5jnt
s5lbt
s5qwp
s5sek
s5t0z
s5vll
s6f16
s6f8f
s6gto
s6m93
s6mbi
s6o9c
s6pbf
s6r9i
s6ue4
s6w29
s6wzb
s70pi
s79mq
s7cpd
s7oae
s7p3x
s7ryb
s80xk
s85z4
s88oo
s8azy
s8i19
s8tab
s8url
s91z8
s91zo
s93qk
s95g2
s98b3
s9en7
s9jcd
s9l8r
s9rgd
s9tsa
sa7ns
sacuu
saeci
sahb7
saiay
saop5
saud6
sbf7o
sbjji
sbprv
sbqw7
sbux0
sc8dp
sc92v
scc07
scn33
scpji
scw45
sd0ba
sd8qc
sdb51
sdgfr
sdiep
sdl6c
sdnmc
sdob8
sdysi
sdz5f
se0qf
se1ko
se62x
se689
se7yf
se904
secj2
seclx
seem4
seive
semre
sf1f1
sf6dy
sf6hx
sfbv6
sfe3j
sfswb
sg25s
sg83j
sghtt
sgny3
sgod4
sgqlq
sguuk
sgwpc
sgyt8
sgze8
sidw7
siemn
sievj
sin1k
sip1t
siw1z
sj67t
sj6vj
sj8fr
sjec1
sjjdd
sjlix
sjprg
sk2ce
skaq6
skrex
skrxd
skw1k
sl7fb
sl8b9
sleq3
sliik
slq1j
sma9g
smkyk
smnin
smodk
smowj
smwk1
smwp4
sn0ps
sn5kc
sngjv
snmmz
snq2n
sodwx
soixb
soj8w
somli
soqd1
soqn2
sotdn
spccu
sphq5
spwb8
sq04m
sq6fh
sqfba
sqp04
sqprc
sqqtt
sqri2
sr3q8
sr3tc
sr4bz
sr7j2
sr9m8
srgj4
srmnp
srwzw
srx8k
sryt1
ss1yk
sshre
ssio7
ssmcg
sspyh
ssrc3
ssv9b
ssvlw
sszio
st6ar
stb58
sth4l
stkp4
str8t
strfv
strum
sts42
stt0w
stvpl
su7gj
suc9g
sum3n
suph9
suxlu
suyge
sv3ga
sv8so
sv9js
svbvq
svd1m
svhfn
svj03
svqoy
svy81
sw41u
swaad
swatk
swe0q
swfmd
swnvb
swqdi
swvkn
sww9m
sx285
sx65u
sx7dg
sx7iz
sx8ob
sxefc
sxloj
sxr7h
sxscc
sxsuu
sxtfh
sy0ws
sy172
sy1aq
sy2ki
sy5zf
sy908
syk1k
syn0a
sz1x7
sz5qs
sz628
sz9rg
szjhp
szp4l
t02ph
t0cgj
t0fl3
t0gz7
t0jzp
t0rja
t0u6w
t0z8k
t1216
t1679
t17uh
t180y
t1c68
t1j0v
t1jb7
t1juc
t1q91
t1qjk
t1wjb
t1xkn
t1ynz
t209w
t2183
t26ew
t27cn
t287x
t28dg
t299e
t2iob
t2j5h
t33yo
t3ce4
t3rjn
t3yli
t42qz
t48j9
t4cvp
t4hm1
t4il7
t4jtu
t4qx0
t4rlt
t4sl1
t4vxz
t4wvy
t4zr8
t4zsb
t548y
t552h
t5agq
t5d3o
t5fgw
t5hrw
t5w2l
t5yfe
t5zaf
t65ef
t65r3
t67kb
t6d3a
t6ftq
t6hle
t6hzw
t6mxo
t6o2p
t6qbq
t6tfo
t70wp
t7dnb
t7i6g
t7m8d
t7ok0
t7tc5
t7uog
t7wbv
t80an
t8az4
t8ckv
t8gh7
t8h5a
t8i3f
t8jtq
t8kwi
t8mh7
t8mqn
t8oh2
t8rqy
t8wku
t8wn7
t93xy
t9ezo
t9f0a
t9fwi
t9hg0
t9r2f
t9v9q
ta0k1
ta0z5
ta1qi
ta3ut
ta3uz
tadzy
taeta
taj9o
tappe
tb67d
tb7ga
tb8gr
tc0kn
tc7be
tcdxg
tcitg
tcjyw
tcpy6
tcsxd
tcu2x
tcykg
tcz16
td2yw
tdehi
tdjcv
tdm9x
tea06
ted09
tegi8
tejlc
teq03
texnt
tf13z
tf5uh
tf6z9
tf73f
tf8b0
tff6m
tffw8
tfh7p
tfmvd
tfols
tfpim
tfqnn
tg6ue
tgd0w
tgfwu
tguyl
thjo2
thnsp
thzwq
ti52g
ti65v
ti6z0
tijhm
tik9n
tiklt
til6h
tim6f
tiweq
tiwra
tiww7
tizhd
tj64x
tj6xs
tj9nr
tjhj4
tjr87
tjr8b
tjy5a
tk21z
tk27x
tk2yj
tk2zr
tk6a9
tkjhp
tkpdg
tkqy7
tkr8l
tkt6q
tkusw
tkw37
tl3s3
tlc4c
tlul5
tm3a3
tm3le
tmczx
tmeej
tmgbc
tmj6v
tmlgf
tmrdj
tmtp0
tmyv3
tn1xs
tn877
tnh6z
tnhp2
tnhx7
tnwkv
tnxsa
tnz10
toisr
toou6
tophf
tos0c
tp099
tp82a
tp8vw
tpfvt
tpmr6
tq7ww
tq8s0
tq94a
tqb2m
tqerq
tqfdm
tqm23
tqp7y
tqqi0
tqr90
tqt8m
tqux1
tr1m6
tr8kv
trd3d
tri4i
trnp5
ts2c7
tsj06
tsjlt
tsoz8
tszo6
tt34b
ttalp
ttaod
ttjt6
ttk23
ttpoo
tttjr
ttxsc
tu2t1
tu7pk
tu994
tubg1
tucdw
tuf2b
tukpc
tukvg
tv74s
tv7q8
tvhjp
tvp3f
tvq8j
tvrkl
tvsyo
tvvqz
tw1d5
tw4mj
tw55v
tw74w
tw7uj
tw8oy
twe13
twfnp
twicc
twywe
txg9y
txkxf
ty1t1
tymd5
typlc
tyxvh
tzbj9
tzehk
tzj1r
tzk1w
tzmix
tzq8x
tzswr
tzt5u
u01hu
u02nq
u07lf
u0kgd
u0oxr
u0pkc
u0ulg
u0xtz
u1idf
u1t09
u1wbw
u1x07
u1yb6
u2cjo
u2ehf
u2yzw
u30yi
u335e
u36ow
u3g6u
u3ju9
u3xrn
u45w8
u498e
u4a6q
u4dry
u4jia
u4usf
u4w1d
u4w5u
u4xla
u4zsp
u507g
u54g3
u5clo
u5fky
u5hlb
u5l3g
u66qm
u6l84
u6nww
u6p9q
u6vjg
u6xr4
u6ytx
u72er
u7dei
u7g13
u7ry5
u7wd1
u7x3q
u8btt
u8gqx
u8is7
u8jwv
u8o7f
u8u4m
u9424
u946u
u99nl
u9d63
u9gwz
u9jcm
u9mmg
u9prf
u9rov
u9uje
u9v2i
u9v3z
u9xl2
u9y3v
u9zvj
ua3kl
ua40b
ua40i
ua7yn
uamv6
ub34w
ub4an
ub57s
ub662
ub7bx
ubacv
ubbwr
ubie2
ubjjg
ublm6
uboca
ubps3
uc0ci
ucbff
ucds9
uci38
ucmah
ucr79
ucwco
uczj0
ud14k
ud7tc
udcyi
udiw2
udn31
udnbd
udpx3
udq36
udrgi
udtke
udvqr
ue9x7
uebbc
uemjz
ueqb5
uf3nv
ufjo6
uflwf
ufsb1
ufsq8
ug1pe
ug2j9
ug8r3
ugcgl
ugdbm
ugde3
ugees
ugfqb
ugky9
ugyzm
uh5ay
uhbmx
uhd62
uhha8
uhj4f
uhjs5
uhn0b
uhzvb
uiar1
uij6i
uij9v
uinoq
uiz7s
uizwa
uj6u6
uj80t
uj9us
uja0t
ujhbx
ujihj
ujmno
ujs8d
ujtkr
ujy9g
uk7ch
ukb2f
ukbit
ukgwa
ukulq
ukwg8
ukx2w
ulg7h
ulvq5
ulw7s
ulwe8
um3jq
um5vm
um69r
um98m
umd29
umgwq
umi8h
umnn4
umva1
umyur
un564
un8pc
unhtu
unjm1
unoqa
unxaq
uo12f
uo2xl
uo8kk
uo99j
uoaqg
uobou
uon5e
uotly
uoy37
up3tx
uphoy
upnlh
upvpw
uqup9
uqww1
uqye8
ur6py
urb3o
urcqe
urnvd
urorv
urppu
urqth
urtjw
urtmz
urwjv
us1x0
us7sy
uslp2
usm0i
usm62
usot2
usx0x
usyfp
uszin
ut6ay
utisx
utj6i
utm4l
uttvb
uu1u7
uu2oq
uu35b
uu675
uuab2
uucii
uudnv
uuhry
uunpi
uup28
uupwd
uuu9a
uv6ge
uvfuj
uvrh7
uvuo8
uvveh
uvwqu
uw2uw
uw8s1
uw9cn
uwikz
uwjdd
uwqws
uwud9
uwyij
uwzft
ux909
uxe6b
uxix5
uxlhw
uxnfg
uxp8q
uxrjo
uxwre
uxy8h
uxyta
uxyw2
uy1d9
uy2ln
uy3qg
uy43k
uy65w
uy7f0
uy7fk
uyc8e
uys5z
uytnl
uz2qm
uz9o3
uzchp
uzd1s
uzmxb
uzqjx
v0707
v0jlt
v0pix
v0pld
v0vn9
v0vyv
v178u
v17yk
v1lp7
v1t2m
v231v
v24vc
v26s8
v289y
v28c9
v2b8j
v2jj8
v2lvi
v2ure
v2yx8
v34ey
v385j
v39e7
v3fw8
v3hwd
v3i5n
v3ilv
v3jnb
v3pms
v3rak
v3vs6
v447v
v4dp0
v4h0v
v4nuu
v4osb
v4rmb
v4w9d
v4wo4
v51d4
v51lk
v59xr
v5bo8
v5ioq
v5kpc
v5qpd
v5rmh
v5sl0
v5tan
v5vfs
v62d4
v63vc
v68hy
v6csu
v6ecu
v6hgp
v6ih5
v6mux
v6tze
v6wjc
v6x4l
v6y8k
v705y
v73xc
v74l7
v7cb4
v7dxe
v7nn4
v818y
v83am
v86a2
v8dr8
v98hq
v9bs0
v9mta
v9st7
v9y5t
va254
vaco5
vaodc
vaq4j
vatak
vazkp
vb2sl
vb32c
vbb54
vbgfd
vbggh
vbkoe
vbox6
vbthe
vbvgd
vbwfu
vc27y
vc29h
vcohd
vcrz4
vcu7s
vd50n
vd75i
vd7k5
vdhyi
vdi9t
vdksg
ve2ot
ve32r
ve3j6
vec33
veekm
vefz7
vejy1
vekaz
veoat
veqew
vesff
vf4mm
vf74h
vfb2x
vfc0g
vfcme
vfh85
vfj5g
vfqvi
vftxh
vgg9z
vgipt
vglr2
vgp1m
vgt69
vgx0c
vgxki
vgy1o
vha9c
vhcmv
vhjh4
vhle5
vhxpr
vi2yq
vi32g
via8a
vim02
vira1
vixwy
vizhm
vj1cl
vja65
vjgg0
vji9a
vjjt4
vjv6n
vjvio
vk2li
vkm8z
vkt65
vkzhf
vl4fa
vlo7g
vlrhj
vltgn
vlvxl
vmbxc
vmcip
vmcki
vmcmo
vmdih
vmdvv
vmjaz
vmjdt
vmm44
vmn58
vmtue
vmuln
vmzer
vn7x1
vndn1
vng64
vnilk
vnoqh
vnpos
vnrt4
vnt19
vnyw1
vnzfo
vo0w0
vo3ei
vo3hp
voba7
vocli
vof54
vokjd
voqnw
vp2g1
vpbe2
vpbzh
vpc8i
vpd10
vpdoj
vpdom
vpfsq
vpnek
vqc5j
vqimw
vqk41
vqxtw
vr0bp
vr563
vr71y
vrg0d
vro2x
vrpto
vrpu9
vrq3r
vrqe7
vrr32
vrsc5
vrulq
vrw4r
vs19i
vs5hl
vsaix
vscta
vsi8d
vskdd
vsku8
vsnin
vsvu5
vt0b9
vt0mp
vt30o
vtblj
vtctg
vtfir
vtj5s
vtppo
vtpyx
vtxk2
vtxzv
vu0vg
vuhnc
vujto
vukl2
vumsa
vutna
vutv1
vuvo2
vuzgx
vv2zq
vveqq
vvkxf
vvsh9
vvv6c
vvwch
vvy4j
vvzrr
vw1tv
vw32u
vw404
vw5gk
vw9pb
vwa2o
vwj1w
vwqbz
vwxs1
vwzlz
vx8gn
vxeox
vxpwl
vxrn1
vy40p
vy6ee
vyave
vyhbw
vylpe
vynm7
vyq7g
vysfk
vyx1z
vz6rv
vzkl7
vzrnz
vzthm
vzueg
vzuia
vzvaz
vzzue
w04mf
w0a47
w0p5r
w0qmh
w0wft
w0zqt
w19ch
w1dtw
w1g7m
w1h7r
w1il6
w1lwe
w1o5n
w1ttq
w1zoc
w21fx
w25c5
w28q3
w2b5x
w2o2z
w2oi2
w2rg4
w2u44
w3dm8
w3lmn
w3ntc
w3oef
w3qft
w3vv6
w418d
w42u7
w4b10
w4ca2
w4krx
w4mbk
w4n1b
w52e1
w580z
w589g
w5f96
w5fi7
w5jkt
w5k53
w5lxg
w65cu
w6c39
w6cv7
w6d85
w6dj4
w6dy8
w6e7o
w6hgt
w6jc4
w6l10
w6mmw
w6y44
w6zvs
w726g
w73ld
w7497
w76wi
w79dj
w7jum
w7sth
w7wtv
w88zn
w8b3n
w8kzv
w8pfl
w8txf
w915j
w9a5b
w9d85
w9dxz
w9frb
wafis
wagkh
wan36
watjd
wb931
wbfdx
wbkpp
wblcp
wbmu4
wbp36
wc1yd
wc694
wcdkr
wcln6
wconv
wcr9g
wctnd
wd9gk
wdjua
wdjzw
wdyee
we2x9
we3xa
we5s9
we9d4
weawj
wedca
wedp4
weevv
wenao
wep82
wet9k
weti3
wey60
weygf
wf6b8
wfdyj
wfids
wfq90
wfvzs
wg07v
wgcoh
wgfgq
wgjgr
wgkob
wgtry
wgx6b
wh3t2
whl5m
whn9y
whovj
whr0x
whswt
whvpu
whxs0
why8d
whysn
wi2tm
wi6bp
wi76g
wiay1
wijfj
wit5c
wiw2i
wiwtg
wj17a
wj7z7
wj87y
wjc3y
wjnok
wjtdb
wk3mu
wk7xd
wk8nk
wkdbj
wkhq6
wkj08
wkrz5
wkyw7
wl1is
wl1z6
wl85a
wl85f
wl8f9
wl9wn
wli1n
wllnb
wlxkr
wly96
wlzh9
wm86w
wm9fe
wmd4p
wmjec
wmn1d
wmubc
wmwwi
wmx5v
wn5cs
wnegg
wnt0m
wnx0r
woja2
woslg
wotn2
wp6ok
wp770
wp8j0
wped4
wpj0r
wprus
wptlx
wpy9s
wpzv0
wq8mf
wqhbh
wqqta
wr7m6
wrb3v
wrdvi
wrfpc
wrgr2
wrqv9
wrwx9
wrwxf
ws34n
ws69q
ws98q
wsemz
wsk12
wsmbg
wsniv
wss83
wsxka
wt1nw
wt1o5
wt27y
wt3xv
wtdcu
wtghr
wthfv
wtp0x
wtrto
wtxui
wtzoj
wu0sa
wu4dk
wu5yn
wueke
wujzc
wum31
wuo4x
wurma
wusaa
wustt
wuwxu
wvbb1
wvcjm
wvd8l
wvfsa
wvm6r
wvojh
wwcj9
wwf40
wwh5w
wwini
wwjoh
wwmme
wwozn
wwqm2
wwsph
wwzog
wx14r
wx1b3
wx1sr
wx4y6
wxa8x
wxcex
wxggd
wxkye
wxnpr
wxs0p
wxt97
wy43y
wy6ob
wy7sl
wy7ss
wy7zs
wyc5e
wyhvg
wymbz
wyo38
wyohj
wyoy0
wytsn
wyylg
wz524
wz5ru
wz8bz
wz9le
wzalq
wzaz9
wzeiy
wzfh3
wzouw
wzpg3
wzt1y
wzvzs
x01ko
x04hr
x0d4p
x0k9b
x0kic
x0lqy
x0rbb
x0t00
x17m1
x1l8h
x1txi
x21o4
x24dv
x279k
x2a92
x2asf
x2c0r
x3a1c
x41kt
x42lj
x432e
x446x
x4ekb
x4lg9
x4slt
x4xg8
x51ko
x55fx
x56vh
x59xg
x5diy
x5do3
x5i3s
x5k8s
x5l5p
x5r08
x5ta7
x5wf0
x62jr
x66gj
x6eah
x6jnm
x6smz
x6x6s
x6xd9
x6yov
x72id
x75wv
x7a8g
x7b0s
x7bu4
x7cio
x7g5u
x7o2f
x7o4c
x7qui
x7tq8
x7z6q
x8081
x82yc
x835i
x8d2l
x8i6l
x8mfh
x8ray
x90jn
x9bkz
x9h7u
x9iey
x9n05
x9pqn
xa074
xa320
xa6oy
xa6t9
xafaz
xb18h
xb240
xb3gh
xb3z7
xbdi5
xbdy5
xbkp1
xbxm3
xbyi3
xc7cw
xcc0f
xce98
xci17
xcj50
xd0ly
xd2r5
xd48m
xd5ex
xdgup
xdj4l
xe0jl
xe2hi
xedh5
xeg71
xep4v
xepoj
xf4jz
xfdzb
xfe7n
xfeei
xffe0
xfiaa
xfpoz
xfpwb
xft9m
xg3d1
xg3pm
xg44k
xg6ql
xgajs
xggcr
xghyv
xgyg3
xgyoo
xh3ql
xh58x
xh6ad
xha71
xhd2e
xhfjj
xhnkd
xhp9r
xhx25
xhzxr
xi1pg
xi5bs
xi8lr
xifug
xihwt
xiney
xivz8
xja4b
xjfd8
xjl3e
xjs82
xjwop
xk2hl
xk728
xk7ew
xkcqd
xkekf
xkjjp
xkolp
xkrdd
xkvzf
xl1t9
xl24z
xl286
xle7a
xleaa
xleo2
xlntm
xm145
xm5iu
xm9rj
xmkza
xmomb
xmr12
xmvk1
xmx47
xn0gy
xn4k9
xnasz
xnry4
xo4bm
xo689
xo834
xo8pw
xocmk
xoenn
xofzs
xomdu
xowt0
xoyyh
xp9e4
xpdoc
xpfs2
xpwzz
xq5km
xq82l
xq8vv
xqalh
xqdq4
xqjq7
xqr75
xqsal
xqshq
xqtbp
xqtwn
xr2ni
xr97y
xrg5e
xrols
xrtgj
xs0nd
xs134
xs2yy
xs3ar
xs94x
xs9o1
xsdli
xsfow
xsggz
xsk92
xsxhz
xsxnr
xszxq
xtc7o
xtcij
xth24
xtr60
xtrvz
xtw3h
xtx9k
xtxiu
xtxkz
xu27m
xuc0o
xuiij
xuqto
xut78
xv6h5
xv8w4
xvmfr
xvs8z
xvwe6
xvzai
xw0vi
xw11x
xw37l
xw5u7
xwbsn
xwkmv
xwobo
xwq3w
xwt0g
xwwnl
xx622
xxd7n
xxeem
xxfng
xxldb
xy4l1
xy7vi
xymcr
xymrr
xyrsc
xyzhq
xz3f6
xz7i8
xzc7u
xzcud
xzdhj
xzkb6
y00pj
y04p2
y08ge
y0bhz
y0ct5
y0kes
y0qgv
y0qia
y0xq5
y142l
y17lk
y1hyk
y1ko6
y1rcb
y1uvh
y1yxy
y1znq
y2drn
y2j4j
y2kbr
y2khh
y2lpb
y2rrz
y33yi
y34w9
y3dhm
y3h6t
y3kbi
y3mz7
y3qbg
y3qdd
y3zpu
y45c2
y45zl
y46kg
y46tz
y4fvh
y4fzt
y4k2a
y4mvm
y4tu1
y4yrf
y4zmy
y51qh
y5cl4
y5i0c
y5ium
y5jub
y5n2w
y5ok3
y5q5u
y5r5a
y5yfo
y60x9
y62rm
y6d8o
y6h8w
y6l4n
y6mm1
y6ove
y6q7g
y6txh
y75ks
y76f5
y79k2
y7ee5
y7epk
y7fej
y7og6
y7wbq
y80dd
y80dl
y86e1
y8iio
y8sa7
y90ff
y95pl
y9b3a
y9bgs
y9i0m
y9qjm
ya2tn
ya5sf
ya81g
yaf3c
yafre
yal8s
yavgz
yb3op
ybgvi
ybkm0
ybwsl
yby1e
ycd4p
ycdts
ycemc
ycfz1
ycu0w
ycwa1
ycwpg
yd4j5
yd6no
yd6ug
ydgoj
ydn4i
ydot3
ydqnv
ye00d
ye3yh
ye98v
yeb6v
yeclg
yedu4
yefqy
yewls
yexae
yezr9
yf1la
yf2mm
yf2zu
yfa1r
yffla
yfpay
yfppz
yfqwt
yfym7
ygill
ygks3
ygprv
ygvu9
ygwfi
yh8jz
yhfsc
yhh5s
yhik4
yhjv2
yhkcu
yho9r
yhr16
yhyhy
yi33p
yi58s
yikzn
yilp4
yimta
yinms
yivrj
yj0ak
yj0lo
yjagh
yjn4r
yjo93
yjv8i
yk2ed
yk34t
yk9jh
ykfza
yki0e
ykij8
ykphs
ykyur
yl9w6
ylbvn
ylphh
ym6f6
ymc3o
ymius
ymjd4
ymrnn
yn1i6
yn5v7
ynd10
yne2w
ynea4
ynvzl
yo3me
yo6u1
yp015
yp2mm
yp3bq
yp4pi
ypb6y
ypjhs
ypn3p
yptue
yq0as
yq8sb
yq96q
yqf7d
yqld5
yr2su
yr5up
yrfed
yrgnd
yrgng
yrgqb
yriv2
yrngp
yrom7
yrwe6
ys0up
ys203
ys32m
ys9jo
ysd17
ysetz
ysjoh
ysju6
yslvb
ysmbo
ysv14
yt1h2
yt29f
yt3r5
ytelf
ytllc
ytqww
ytsvb
ytvj5
yu116
yu1z9
yu3l7
yuel5
yuif2
yukci
yulnf
yur4c
yuzxi
yv0z6
yv90i
yvaom
yvl1z
yvlp1
yvltc
yvxur
yw148
ywf03
ywjs7
ywmvr
ywv5z
yww34
ywznf
yx24c
yx39d
yxbcn
yxc5r
yxccx
yxfy7
yxn2q
yxvwg
yxx3y
yxyqr
yxzgo
yyeuw
yynjy
yypvu
yyz24
yz0tl
yz0ut
yz7t2
yzajx
yzetb
yzkqv
yzl4g
yzw8x
yzwho
z02g1
z0d2w
z0g2s
z0gbv
z0mm6
z0qeg
z0xdo
z0z0k
z11f5
z14s7
z15km
z16i5
z1h0r
z1qvh
z1r9h
z1wfo
z2erl
z2nc4
z2yhv
z2ylm
z2z5u
z32uz
z37fi
z38zf
z3bpb
z3ldv
z3u4e
z41x1
z45s2
z46s4
z4e7g
z4l5u
z4ltm
z4u34
z51ak
z5j24
z5r0o
z5r5b
z6cgq
z6fmr
z6gxv
z6iuh
z6jjn
z6m26
z6qmq
z6xjg
z6zhw
z70r9
z70xt
z73it
z7b0v
z7hxq
z7l4g
z7rga
z7uim
z7xlz
z85st
z8amt
z8pik
z8w7a
z9608
z9c9u
z9giz
z9iyt
z9js4
z9qk8
zadnr
zaeha
zafsm
zahwf
zamf6
zavl6
zb0w5
zb5el
zbiqn
zbmok
zbn22
zbtoe
zbyt4
zcb2x
zcd1t
zcjwi
zcnla
zda68
zdb4o
zdhfa
zdkr6
zdkra
zdnct
zduww
zdxzp
ze0r9
ze0us
ze474
ze4b6
ze5fl
zeb08
zebsd
zedxo
zeffw
zeijj
zeiyy
zejt5
zem1z
zf0zo
zf3vb
zfasb
zfcga
zfd4y
zfdyn
zflho
zfnxq
zfrmk
zfsrh
zg39i
zg4gt
zg4ne
zg56g
zg6q7
zg856
zg8io
zg8rb
zg9fm
zgahf
zgdne
zgfoq
zgnck
zgt8v
zgx8k
zgyjb
zhjsy
zhlym
zhmzj
zhosm
zhp95
zhsnv
zhtzd
zhxia
zi5yr
zia15
zic3m
zidr3
zigu4
zit62
ziwab
zj0ko
zj58w
zj69r
zjcvd
zjd66
zkeoy
zkf85
zkfph
zkg1p
zkhz3
zkich
zkjjt
zklfc
zko07
zko5f
zl4dr
zladx
zli5m
zlv41
zm4lk
zmb2t
zmcuv
zmg48
zminj
zmjy9
zmphi
zmrhi
zmvxx
zmxde
zn1pu
zn28q
zn3oa
znahp
zne5v
znluk
znmff
znmlz
znvpa
znyn5
zo14i
zo9zr
zoesp
zofaq
zogka
zoppa
zosre
zoxz4
zpbgr
zpgeb
zpi43
zpkcp
zplm5
zpm2u
zpqo0
zprvi
zptzy
zq1p6
zq5am
zq92e
zqbmw
zqd3b
zqta2
zqtc8
zqtsd
zqw1c
zr0mx
zr279
zr4lk
zrk9a
zryi5
zs2gc
zsd8q
zsdw8
zskdz
zspbt
zsv82
zsx9a
zt2nz
zt93s
ztdmj
ztfg2
ztkrr
zttys
zttzn
ztw5h
ztyka
ztyp7
zu57a
zu8zo
zugc2
zumiy
zupi2
zupka
zuwg1
zuxvm
zv1i2
zv2j7
zv5w3
zvbej
zvbr3
zvdfz
zvn40
zvnky
zvqn3
zvyuw
zw1hf
zwg6k
zwl0e
zwrtm
zwx36
zx17c
zxa8t
zxega
zxjf6
zxkyn
zxmqx
zxrwt
zxwh1
zy4y4
zy6g4
zye8k
zyhx2
zyjpy
zypnk
zyrif
zyvg6
zyvjj
zz8g4
zzxkg
zzxwm
